Subwatershed,Site Name,Prefix,Horizon,Suffix,Top (cm),Bottom (cm),Horizon Depth (cm),Color,Hue,Value,Chroma,Total Depth,Bottom Interface,Notes,
86,R1C1,,Oi,,0,3,3,,,,,72,C,,
86,R1C1,,Oe,,3,8,5,,,,,72,C,,
86,R1C1,,Oa,,8,11.5,3.5,5YR 2.5/1,5YR,2.5,1,72,C,,
86,R1C1,,E,,11.5,15,3.5,10YR 6/2,10YR,6,2,72,C,,
86,R1C1,,Bhs,,15,21,6,5YR 2.5/1,5YR,2.5,1,72,C,,
86,R1C1,,Bs,,21,42,21,7.5YR 4/6,7.5YR,4,6,72,C,,
86,R1C1,,BC,,42,122.5,80.5,7.5YR 3/4,7.5YR,3,4,72,C,,
86,R1C1,,C,,122.5,-,,,,,,72,C,"Biscuit depth 38cm; This value was achieved by measuring material on the screw auger and 
adding it to the depth of the biscuit. The total depth was achieved by 
measuring the difference of the 111cm screw auger from the portion still
 exposed at the surface, or the screw auger would be marked at the total
 depth and measured when extracted. In any scenario where the bottom 
depth and total depth do no match, this is the answer",
86,R1C2,,Oi,,0,4,4,,,,,79,C,,
86,R1C2,,Oe,,4,10,6,,,,,79,C,,
86,R1C2,,Oa,,10,16,6,7.5YR 2.5/1,7.5YR,2.5,1,79,C,,
86,R1C2,,E,,16,20,4,7.5YR 5/2,7.5YR,5,2,79,C,,
86,R1C2,,Bhs,,20,23.5,3.5,7.5YR 2.5/1,7.5YR,2.5,1,79,C,,
86,R1C2,,Bs,,23.5,34,10.5,7.5YR 4/6,7.5YR,4,6,79,C,,
86,R1C2,,BC,,34,106.5,72.5,10YR 5/4,10YR,5,4,79,C,,
86,R1C2,,C,,106.5,-,,,,,,79,C,Biscuit depth ~34cm; 6cm into C,
86,R1C3,,Oi,,0,5,5,,,,,61,C,,
86,R1C3,,Oe,,5,13,8,,,,,61,C,,
86,R1C3,,Oa,,13,16,3,7.5YR 2.5/1,7.5YR,2.5,1,61,C,,
86,R1C3,,E,,16,20,4,10YR 5/1,10YR,5,1,61,C,,
86,R1C3,,Bhs,,20,28,8,7.5YR 2.5/1,7.5YR,2.5,1,61,C,,
86,R1C3,,Bs,,28,46,18,7.5YR 4/4,7.5YR,4,4,61,C,,
86,R1C3,,BC,,46,66,20,10YR 6/4,10YR,6,4,61,C,,
86,R1C3,,C,,66,-,,,,,,61,C,Biscuit depth (BD) 46cm; 5cm into C; bad BC sample,
86,R1C4,,Oi,,0,4,4,,,,,76,C,,
86,R1C4,,Oe,,4,9,5,,,,,76,C,,
86,R1C4,,Oa,,9,26,17,7.5YR 2.5/1,7.5YR,2.5,1,76,C,,
86,R1C4,,E,,26,30.5,4.5,7.5YR 7/1,7.5YR,7,1,76,C,,
86,R1C4,,Bhs,,30.5,35,4.5,7.5YR 5/1,7.5YR,5,1,76,C,,
86,R1C4,,Bs,,35,52.5,17.5,7.5YR 3/4,7.5YR,3,4,76,C,,
86,R1C4,,Bhb,,52.5,98,45.5,7.5YR 3/2,7.5YR,3,2,76,C,,
86,R1C4,,BC,,98,142,44,10YR 3/4,10YR,3,4,76,C,,
86,R1C4,,C,,142,-,,,,,,76,C,BD 48cm; 6cm into C; coloration difficult,
86,R1C5,,Oi,,0,6.5,6.5,,,,,77,RF,,
86,R1C5,,Oe,,6.5,13,6.5,,,,,77,RF,,
86,R1C5,,Oa,,13,18,5,7.5YR 2.5/1,7.5YR,2.5,1,77,RF,,
86,R1C5,,Bhs,,18,41,23,7.5YR 3/3,7.5YR,3,3,77,RF,,
86,R1C5,,BC,,41,-,,10YR 3/4,10YR,3,4,77,RF,BD 41cm,
86,R1C6,,Oi,,0,4,4,,,,,87,C,,
86,R1C6,,Oe,,4,9,5,,,,,87,C,,
86,R1C6,,Oa,,9,15,6,7.5YR 2.5/1,7.5YR,2.5,1,87,C,,
86,R1C6,,E,,15,16.5,1.5,7.5YR 6/1,7.5YR,6,1,87,C,,
86,R1C6,,Bhs,,16.5,19.5,3,7.5YR 2.5/1,7.5YR,2.5,1,87,C,,
86,R1C6,,Bs,,19.5,39,19.5,7.5YR 3/4,7.5YR,3,4,87,C,,
86,R1C6,,BC,,39,116,77,10YR 4/6,10YR,4,6,87,C,,
86,R1C6,,C,,116,-,,,,,,87,C,BD 35cm; 4cm into C,
86,R1C7,,Oi,,0,5,5,,,,,41,RF,,
86,R1C7,,Oe,,5,12,7,,,,,41,RF,,
86,R1C7,,Oa,,12,17.5,5.5,7.5YR 2.5/1,7.5YR,2.5,1,41,RF,,
86,R1C7,,E,,17.5,18,0.5,7.5YR 5/1,7.5YR,5,1,41,RF,,
86,R1C7,,Bhs,,18,24,6,7.5YR 2.5/1,7.5YR,2.5,1,41,RF,,
86,R1C7,,Bs,,24,37,13,5YR 3/4,7.5YR,3,4,41,RF,,
86,R1C7,,BC,,37,-,,10YR 5/4,10YR,5,4,41,RF,BD 37cm,
86,R1C8,,Oi,,0,5,5,,,,,59,C,,
86,R1C8,,Oe,,5,11,6,,,,,59,C,,
86,R1C8,,Oa,,11,22,11,7.5YR 2.5/1,7.5YR,2.5,1,59,C,,
86,R1C8,,E,,22,30,8,7.5YR 5/1,7.5YR,5,1,59,C,,
86,R1C8,,Bhs,,30,32,2,7.5YR 2.5/1,7.5YR,2.5,1,59,C,,
86,R1C8,,Bs,,32,36,4,5YR 4/4,5YR,4,4,59,C,,
86,R1C8,,B,,36,71,35,7.5YR 3/4,7.5YR,3,4,59,C,,
86,R1C8,,BC,,71,76,5,10YR 4/9,10YR,4,9,59,C,,
86,R1C8,,C,,76,-,,2.5Y 5/2,2.5Y,5,2,59,C,BD 36cm,
86,R1C9,,Oi,,0,4,4,,,,,64,C,,
86,R1C9,,Oe,,4,8,4,,,,,64,C,,
86,R1C9,,Oa,,8,16,8,7.5YR 2.5/1,7.5YR,2.5,1,64,C,,
86,R1C9,,E,,16,18,2,7.5YR 5/2,7.5YR,5,2,64,C,,
86,R1C9,,Bhs,,18,22,4,5YR 2.5/2,5YR,5,2,64,C,,
86,R1C9,,C,,22,-,,2.5Y 5/3,2.5Y,5,3,64,C,BD 43cm,
86,R500C9,,Oi,,0,1,1,,,,,13,R,,
86,R500C9,,Oe,,1,13,12,,,,,13,R,,
86,R500C9,,R,,13,-,,,,,,13,R,40m from C1,
86,R500C10,,Oi,,0,3,3,,,,,21,R,,
86,R500C10,,Oe,,3,13,10,,,,,21,R,,
86,R500C10,,Oa,,13,21,8,7.5YR 2.5/1,7.5YR,2.5,1,21,R,,
86,R500C10,,R,,21,-,,,,,,21,R,,
86,R500C11,,Oi,,0,2,2,,,,,84,R,,
86,R500C11,,Oe,,2,6,4,,,,,84,R,,
86,R500C11,,Oa,,6,13,7,7.5YR 2.5/1,7.5YR,2.5,1,84,R,,
86,R500C11,,E,,13,26,13,7.5YR 6/2,7.5YR,6,2,84,R,,
86,R500C11,,????,,26,31,5,,,,,84,R,,
86,R500C11,,Bs,,31,71,40,5YR 3/6,5YR,3,6,84,R,,
86,R500C11,,BC,,71,81,10,10YR 4/4,10YR,4,4,84,R,,
86,R500C11,,C,,81,-,,2.5Y 4/4,2.5Y,4,4,84,R,Not sure we hit R but we couldn't go any further,
86,R500C12,,Oi,,0,4,4,,,,,72,BC,,
86,R500C12,,Oe,,4,12,8,,,,,72,BC,,
86,R500C12,,Oa,,12,18,6,7.5YR 2.5/1,7.5YR,2.5,1,72,BC,,
86,R500C12,,E,,18,20,2,7.5YR 4/2,7.5YR,4,2,72,BC,,
86,R500C12,,Bhs,,20,24,4,7.5YR 2.5/2,7.5YR,2.5,2,72,BC,,
86,R500C12,,Bs,,24,39,15,7.5YR 3/4,7.5YR,3,4,72,BC,,
86,R500C12,,BC,,39,-,,,,,,72,BC,Possibly BC but too rocky to tell; light went away after Bs,
86,R500C13,,Oi,,0,4,4,,,,,102,BC,,
86,R500C13,,Oe,,4,9,5,,,,,102,BC,,
86,R500C13,,Oa,,9,12,3,7.5YR 2.5/1,7.5YR,2.5,1,102,BC,,
86,R500C13,,E,,12,13,1,10YR 6/1,10YR,6,1,102,BC,,
86,R500C13,,Bhs,,13,15,2,5YR 2.5/2,5YR,2.5,2,102,BC,,
86,R500C13,,Bs,,15,17,2,7.5YR 3/4,7.5YR,3,4,102,BC,,
86,R500C13,,BC,,17,-,,10YR 3/6,10YR,3,6,102,BC,Patchy thin E; BD 38cm,
86,R500C14,,Oi,,0,2.5,2.5,,,,,44,RF,,
86,R500C14,,Oe,,2.5,5,2.5,,,,,44,RF,,
86,R500C14,,Oa,,5,14,9,7.5YR 2.5/1,7.5YR,2.5,1,44,RF,,
86,R500C14,,E,,14,19,5,10YR 6/1,10YR,6,1,44,RF,,
86,R500C14,,Bhs,,19,25,6,7.5YR 3/3,7.5YR,3,3,44,RF,,
86,R500C14,,Bs,,25,44,19,7.5YR 3/4,7.5YR,3,4,44,RF,Lots of rock fragments; couldn't get further,
86,R500C15,,Oi,,0,3,3,,,,,71,C,,
86,R500C15,,Oe,,3,6,3,,,,,71,C,,
86,R500C15,,Oa,,6,16,10,7.5YR 2.5/1,7.5YR,2.5,1,71,C,,
86,R500C15,,Bhs,,16,23,7,5YR 2.5/1,7.5YR,2.5,1,71,C,,
86,R500C15,,Bs,,23,68,45,5YR 3/4,5YR,3,4,71,C,,
86,R500C15,,C,,68,-,,2.5Y 6/6,2.5Y,6,6,71,C,"Patchy E, BC might be present, BD 31cm",
86,R500C16,,Oi,,0,2,2,,,,,63,RF,,
86,R500C16,,Oe,,2,9,7,,,,,63,RF,,
86,R500C16,,Oa,,9,14,5,7.5YR 2.5/1,7.5YR,2.5,1,63,RF,,
86,R500C16,,E,,14,24,10,10YR 6/1,10YR,6,1,63,RF,,
86,R500C16,,Bhs,,24,29,5,7.5YR 2/1,7.5YR,2,1,63,RF,,
86,R500C16,,Bs,1,29,35,6,7.5YR 2.5/3,7.5YR,2.5,3,63,RF,,
86,R500C16,,Bs,2,35,-,,7.5YR 3/3,7.5YR,3,3,63,RF,Assumed rock fragment at 63 cm,
86,R500C17,,Oi,,0,4,4,,,,,53,RF,,
86,R500C17,,Oe,,4,7,3,,,,,53,RF,,
86,R500C17,,Oa,,7,11,4,7.5YR 2.5/1,7.5YR,2.5,1,53,RF,,
86,R500C17,,E,,11,19,8,10YR 6/2,10YR,6,2,53,RF,,
86,R500C17,,Bhs,1,19,23,4,5YR 2.5/2,5YR,2.5,2,53,RF,,
86,R500C17,,Bhs,2,23,28,5,7.5YR 2.5/3,7.5YR,2.5,3,53,RF,,
86,R500C17,,BC,,28,-,,10YR 3/4,10YR,3,4,53,RF,Assumed rock fragment at 53 cm,
86,R500C18,,Oi,,0,3,3,,,,,51,RF,,
86,R500C18,,Oe,,3,5,2,,,,,51,RF,,
86,R500C18,,Oa,,5,10,5,7.5YR 2.5/1,7.5YR,2.5,1,51,RF,,
86,R500C18,,E,,10,14,4,10YR 4/2,10YR,4,2,51,RF,,
86,R500C18,,Bhs,1,14,17,3,5YR 2.5/2,5YR,2.5,2,51,RF,,
86,R500C18,,Bhs,2,17,45,28,7.5YR 3/3,7.5YR,3,3,51,RF,,
86,R500C18,,BC,,45,-,,10YR 3/4,10YR,3,4,51,RF,Assumed rock fragment at 51cm,
86,R498C20,,Oi,,0,4,4,,,,,67,RF,,
86,R498C20,,Oe,,4,6,2,,,,,67,RF,,
86,R498C20,,Oa,,6,10,4,7.5YR 2.5/1,7.5YR,2.5,1,67,RF,,
86,R498C20,,E,,10,16,6,7.5YR 4/2,7.5YR,4,2,67,RF,,
86,R498C20,,Bhs,1,16,20,4,5YR 2.5/2,5YR,2.5,2,67,RF,,
86,R498C20,,Bhs,2,20,29,9,7.5YR 3/3,7.5YR,3,3,67,RF,,
86,R498C20,,BC,,29,-,,10YR 3/4,10YR,3,4,67,RF,Patchy E; Assumed rock fragment at 67 cm,
86,R498C18,,Oi,,0,3,3,,,,,34,R,,
86,R498C18,,Oe,,3,14,11,,,,,34,R,,
86,R498C18,,Oa,,14,34,20,7.5YR 2.5/1,7.5YR,2.5,1,34,R,Large root system obstructed digging so hole was moved one meter downslope; salt and pepper Oa,
86,R498C16,,Oi,,0,2,2,,,,,17,R,,
86,R498C16,,Oe,,2,9,7,,,,,17,R,,
86,R498C16,,Oa,,9,17,8,7.5YR 2.5/1,7.5YR,2.5,1,17,R,Lots microtopo of rocks,
86,R498C14,,Oi,,0,3,3,,,,,56,BC,,
86,R498C14,,Oe,,3,6,3,,,,,56,BC,,
86,R498C14,,Oa,,6,16,10,7.5YR 2.5/1,7.5YR,2.5,1,56,BC,,
86,R498C14,,E,,16,21,5,10YR 5/2,10YR,5,2,56,BC,,
86,R498C14,,Bhs,1,21,25,4,7.5YR 2.5/2,7.5YR,2.5,2,56,BC,,
86,R498C14,,Bhs,2,25,45,20,7.5YR 3/3,7.5YR,3,3,56,BC,,
86,R498C14,,BC,,45,-,,10YR 3/4,10YR,3,4,56,BC,,
86,R498C12,,Oi,,0,3,3,,,,,61,BC,,
86,R498C12,,Oe,,3,6,3,,,,,61,BC,,
86,R498C12,,Oa,,6,15,9,7.5YR 2.5/1,7.5YR,2.5,1,61,BC,,
86,R498C12,,E,,15,17,2,10YR 5/2,10YR,5,2,61,BC,,
86,R498C12,,Bhs,,17,19,2,7.5YR 2.5/1,7.5YR,2.5,1,61,BC,,
86,R498C12,,Bs,,19,25,6,5YR 3/4,5YR,3,4,61,BC,,
86,R498C12,,BC,,25,-,,10YR 4/4,10YR,4,4,61,BC,"""shaded colors"" assumed to mean coloring of soil was performed in a shaded environment",
86,R496C12,,Oi,,0,1.5,1.5,,,,,57,RF,,
86,R496C12,,Oe,,1.5,7,5.5,,,,,57,RF,,
86,R496C12,,Oa,,7,25,18,7.5YR 2.5/1,7.5YR,2.5,1,57,RF,,
86,R496C12,,E,,25,27,2,7.5YR 5/1,7.5YR,5,1,57,RF,,
86,R496C12,,Bhs,,27,-,,7.5YR 3/4,7.5YR,3,4,57,RF,located approximately 1 meter downslope due to tree throw; Bhs has some Bs color coming in,
86,R496C14,,Oi,,0,2,2,,,,,33,R,,
86,R496C14,,Oe,,2,10,8,,,,,33,R,,
86,R496C14,,Oa,,10,14,4,7.5YR 2.5/1,7.5YR,2.5,1,33,R,,
86,R496C14,,Bhs,1,14,19,5,10YR 3/2,10YR,3,2,33,R,,
86,R496C14,,Bhs,2,19,33,14,10YR 2/2,10YR,2,2,33,R,,
86,R496C16,,Oi,,0,3,3,,,,,27,R,,
86,R496C16,,Oe,,3,7,4,,,,,27,R,,
86,R496C16,,Oa,,7,27,20,7.5YR 2.5/1,7.5YR,2.5,1,27,R,,
86,R496C18,,Oi,,0,2,2,,,,,35,R,,
86,R496C18,,Oe,,2,8,6,,,,,35,R,,
86,R496C18,,Oa,,8,15,7,7.5YR 2.5/1,7.5YR,2.5,1,35,R,,
86,R496C18,,E,,15,35,20,7.5YR 6/1,7.5YR,6,1,35,R,,
86,R496C20,,Oi,,0,3,3,,,,,29,R,,
86,R496C20,,Oe,,3,6,3,,,,,29,R,,
86,R496C20,,Oa,,6,11,5,7.5YR 2.5/1,7.5YR,2.5,1,29,R,,
86,R496C20,,E,,11,19,8,7.5YR 5/1,7.5YR,5,1,29,R,,
86,R496C20,,Bhs,,19,29,10,5YR 2.5/1,5YR,2.5,1,29,R,,
86,R494C20,,Oi,,0,2,2,,,,,44,R,,
86,R494C20,,Oe,,2,12,10,,,,,44,R,,
86,R494C20,,Oa,,12,18,6,7.5YR 2.5/1,7.5YR,2.5,1,44,R,,
86,R494C20,,E,,18,21,3,10YR 6/1,10YR,6,1,44,R,,
86,R494C20,,Bhs,,21,44,23,7.5YR 3/3,7.5YR,3,3,44,R,Wet in Bhs; Organic stains and E pockets in Bhs,
86,R494C18,,Oi,,0,2,2,,,,,39,R,,
86,R494C18,,Oe,,2,7,5,,,,,39,R,,
86,R494C18,,Oa,,7,14,7,7.5YR 2.5/1,7.5YR,2.5,1,39,R,,
86,R494C18,,E,,14,20,6,7.5YR 5/2,7.5YR,5,2,39,R,,
86,R494C18,,Bhs,1,20,27,7,7.5YR 2.5/2,7.5YR,2.5,2,39,R,,
86,R494C18,,Bhs,2,27,39,12,7.5YR 2.5/3,7.5YR,2.5,3,39,R,E with strong structure and darker mottling; wet,
86,R494C16,,Oi,,0,3,3,,,,,46,R,,
86,R494C16,,Oe,,3,7,4,,,,,46,R,,
86,R494C16,,Oa,,7,11,4,7.5YR 2.5/1,7.5YR,2.5,1,46,R,,
86,R494C16,,Bhs,1,11,30,19,7.5YR 2.5/2,7.5YR,2.5,2,46,R,,
86,R494C16,,Bhs,2,30,46,16,7.5YR 3/3,7.5YR,3,3,46,R,Horizons are intermixed; likely a tree throw,
86,R494C14,,Oi,,0,3,3,,,,,58,RF,,
86,R494C14,,Oe,,3,6,3,,,,,58,RF,,
86,R494C14,,Oa,,6,7,1,7.5YR 2.5/1,7.5YR,2.5,1,58,RF,,
86,R494C14,,E,,7,13,6,7.5YR 5/1,7.5YR,5,1,58,RF,,
86,R494C14,,Bhs,,13,17,4,7.5YR 3/3,7.5YR,3,3,58,RF,,
86,R494C14,,Bs,,17,,,5YR 3/4,5YR,3,4,58,RF,,
86,R494C14,,BC,,0,-,,10YR 4/6,10YR,4,6,58,RF,,
86,R494C12,,Oi,,0,2,2,,,,,22,R,,
86,R494C12,,Oe,,2,7,5,,,,,22,R,,
86,R494C12,,Oa,,7,22,15,7.5YR 2.5/1,7.5YR,2.5,1,22,R,,
86,R492C12,,Oi,,0,5,5,,,,,17,R,,
86,R492C12,,Oe,,5,13,8,,,,,17,R,,
86,R492C12,,Oa,,13,17,4,7.5YR 2.5/1,7.5YR,2.5,1,17,R,Rainy,
86,R492C14,,Oi,,0,1,1,,,,,60,R,,
86,R492C14,,Oe,,1,10,9,,,,,60,R,,
86,R492C14,,Oa,,10,16,6,5YR 2.5/1,5YR,2.5,1,60,R,,
86,R492C14,,E,,16,20,4,10YR 5/1,10YR,5,1,60,R,,
86,R492C14,,Bhs,,20,52,32,5YR 2.5/2,5YR,2.5,2,60,R,,
86,R492C14,,C,,52,60,8,2.5Y 5/6,2.5Y,5,6,60,R,Patchy and weird E; rainy; slight transition horizon with BC,
86,R492C16,,Oi,,0,3,3,,,,,71,R,,
86,R492C16,,Oe,,3,14,11,,,,,71,R,,
86,R492C16,,Oa,,14,17,3,7.5YR 2.5/1,7.5YR,2.5,1,71,R,,
86,R492C16,,Bhs,1,17,53,36,7.5YR 2.5/2,7.5YR,2.5,2,71,R,,
86,R492C16,,Bhs,2,53,71,18,7.5YR 3/3,7.5YR,3,3,71,R,Too thin E to describe; rainy,
86,R492C18,,Oi,,0,4,4,,,,,29,R,,
86,R492C18,,Oe,,4,6,2,,,,,29,R,,
86,R492C18,,Oa,,6,12,6,7.5YR 2.5/1,7.5YR,2.5,1,29,R,,
86,R492C18,,E,,12,,,10YR 5/2,10YR,5,2,29,R,,
86,R492C18,,Bhs,,,29,,5YR 2.5/1,5YR,2.5,1,29,R,Rainy; pocketed,
86,R492C20,,Oi,,0,1,1,,,,,82,R,,
86,R492C20,,Oe,,1,3,2,,,,,82,R,,
86,R492C20,,Oa,,3,8,5,7.5YR 2.5/1,7.5YR,2.5,1,82,R,,
86,R492C20,,E,,8,11,3,7.5YR 5/1,7.5YR,5,1,82,R,,
86,R492C20,,Bhs,,11,40,29,7.5YR 2.5/2,7.5YR,2.5,2,82,R,,
86,R492C20,,Bs,,40,55,15,7.5YR 3/4,7.5YR,3,4,82,R,,
86,R492C20,,BC,,55,82,27,7.5YR 4/3,7.5YR,4,3,82,R,Rainy; wet BC,
86,R490C20,,Oi,,0,4,4,,,,,15,R,,
86,R490C20,,Oe,,4,6,2,,,,,15,R,,
86,R490C20,,Oa,,6,13,7,7.5YR 2.5/1,7.5YR,2.5,1,15,R,,
86,R490C20,,E,,13,15,2,10YR 4/1,10YR,4,1,15,R,Raining; yuck,
86,R490C18,,Oi,,0,2,2,,,,,9,R,,
86,R490C18,,Oe,,2,6,4,,,,,9,R,,
86,R490C18,,Oa,,6,9,3,7.5YR 2.5/1,7.5YR,2.5,1,9,R,Rainy,
86,R490C16,,Oi,,0,2,2,,,,,32,R,,
86,R490C16,,Oe,,2,8,6,,,,,32,R,,
86,R490C16,,Oa,,8,10,2,7.5YR 2.5/1,7.5YR,2.5,1,32,R,,
86,R490C16,,Bhs,,10,32,22,7.5YR 2.5/2,7.5YR,2.5,2,32,R,Rainy; really weird pocketed E,
86,R490C14,,Oi,,0,4,4,,,,,32,R,,
86,R490C14,,Oe,,4,23,19,,,,,32,R,,
86,R490C14,,Oa,,23,30,7,7.5YR 2.5/1,7.5YR,2.5,1,32,R,,
86,R490C14,,E,,30,32,2,7.5YR 6/1,7.5YR,6,1,32,R,Buried decaying matter; rainy,
86,R490C12,,Oi,,0,6,6,,,,,22,R,,
86,R490C12,,Oe,,6,14,8,,,,,22,R,,
86,R490C12,,Oa,,14,22,8,7.5YR 2.5/1,7.5YR,2.5,1,22,R,Rainy,
86,R488C20,,Oi,,0,4,4,,,,,53,R,,
86,R488C20,,Oe,,4,8,4,,,,,53,R,,
86,R488C20,,Oa,,8,11,3,7.5YR 2.5/1,7.5YR,2.5,1,53,R,,
86,R488C20,,Bhs,1,11,40,29,5YR 2.5/1,5YR,2.5,1,53,R,,
86,R488C20,,Bhs,2,40,53,13,7.5YR 2.5/3,7.5YR,2.5,3,53,R,Rainy; Bhs1 ends at rotten rock before Bhs2; patchy Eb/w colored 7.5YR 5/2,
86,R488C18,,Oi,,0,4,4,,,,,18,R,,
86,R488C18,,Oe,,4,9,5,,,,,18,R,,
86,R488C18,,Oa,,9,17,8,7.5YR 2.5/1,7.5YR,2.5,1,18,R,,
86,R488C18,,Bhs,,17,18,1,7.5YR 2.5/1,7.5YR,2.5,1,18,R,"Rainy; Bhs not greasy, mineral",
86,R488C16,,Oi,,0,5,5,,,,,21,R,,
86,R488C16,,Oe,,5,14,9,,,,,21,R,,
86,R488C16,,Oa,,14,21,7,7.5YR 2.5/1,7.5YR,2.5,1,21,R,At 26m; rainy,
86,R488C14,,Oi,,0,3,3,,,,,12,R,,
86,R488C14,,Oe,,3,7,4,,,,,12,R,,
86,R488C14,,Oa,,7,12,5,7.5YR 2.5/1,7.5YR,2.5,1,12,R,,
86,R488C12,,Oi,,0,4,4,,,,,37,R,,
86,R488C12,,Oe,,4,12,8,,,,,37,R,,
86,R488C12,,Oa,,12,23,11,7.5YR 2.5/1,7.5YR,2.5,1,37,R,,
86,R488C12,,E,,23,37,14,7.5YR 4/1,7.5YR,4,1,37,R,Rainy; 111-74?,
86,R486C12,,Oi,,0,4,4,,,,,41,R,,
86,R486C12,,Oe,,4,10,6,,,,,41,R,,
86,R486C12,,Oa,,10,12,2,7.5YR 2.5/1,7.5YR,2.5,1,41,R,,
86,R486C12,,E,,12,14,2,7.5YR 4/2,7.5YR,4,2,41,R,,
86,R486C12,,Bhs,,14,21,7,5YR 2.5/1,5YR,2.5,1,41,R,,
86,R486C12,,B,,21,41,20,7.5YR 3/4,7.5YR,3,4,41,R,Really rainy; patchy E,
86,R486C14,,Oi,,0,4,4,,,,,38,R,,
86,R486C14,,Oe,,4,8,4,,,,,38,R,,
86,R486C14,,Oa,,8,12,4,7.5YR 2.5/1,7.5YR,2.5,1,38,R,,
86,R486C14,,E,,12,17,5,10YR 6/2,10YR,6,2,38,R,,
86,R486C14,,B,,17,21,4,7.5YR 3/1,7.5YR,3,1,38,R,,
86,R486C14,,BC,,21,38,17,10YR 5/3,10YR,5,3,38,R,So rainy help!,
86,R486C16,,Oi,,0,4,4,,,,,51,R,,
86,R486C16,,Oe,,4,8,4,,,,,51,R,,
86,R486C16,,Oa,,8,26,18,7.5YR 2.5/1,7.5YR,2.5,1,51,R,,
86,R486C16,,E,,26,28,2,7.5YR 5/1,7.5YR,5,1,51,R,,
86,R486C16,,Bhs,,28,34,6,5YR 2.5/2,5YR,2.5,2,51,R,,
86,R486C16,,Bs,,34,43,9,5YR 4/4,5YR,4,4,51,R,,
86,R486C16,,BC,,43,51,8,10YR3/6,10YR,3,6,51,R,Sun came out,
86,R486C18,,Oi,,0,4,4,,,,,35,R,,
86,R486C18,,Oe,,4,6,2,,,,,35,R,,
86,R486C18,,Oa,,6,8,2,7.5YR 2.5/1,7.5YR,2.5,1,35,R,,
86,R486C18,,E,,8,9,1,,,,,35,R,,
86,R486C18,,Bhs,,9,13,4,5YR 2.5/1,5YR,2.5,1,35,R,,
86,R486C18,,Bs,,13,35,22,5YR 3/4,5YR,3,4,35,R,E too skinny to color; pocket 10YR 4/4 21cm-26cm,
86,R486C20,,Oi,,0,3,3,,,,,38,R,,
86,R486C20,,Oe,,3,5.5,2.5,,,,,38,R,,
86,R486C20,,Oa,,5.5,12.5,7,7.5YR 2.5/1,7.5YR,2.5,1,38,R,,
86,R486C20,,E,,12.5,15.5,3,7.5YR 5/2,7.5YR,5,2,38,R,,
86,R486C20,,Bhs,1,15.5,19,3.5,5YR 2.5/1,5YR,2.5,1,38,R,,
86,R486C20,,Bhs,2,19,38,19,5YR 3/3,5YR,3,3,38,R,Sun,
86,R484C12,,Oi,,0,4,4,,,,,73,R,,
86,R484C12,,Oe,,4,10,6,,,,,73,R,,
86,R484C12,,Oa,,10,18,8,7.5YR 2.5/1,7.5YR,2.5,1,73,R,,
86,R484C12,,Bhs,1,18,33,15,5YR 2.5/2,5YR,2.5,2,73,R,,
86,R484C12,,Bhs,2,33,66,33,7.5YR 3/3,7.5YR,3,3,73,R,,
86,R484C12,,Bs,,66,73,7,5YR 3/4,5YR,3,4,73,R,Sun,
86,R484C14,,Oi,,0,7,7,,,,,53,R,,
86,R484C14,,Oe,,7,11,4,,,,,53,R,,
86,R484C14,,Oa,,11,14,3,7.5YR 2.5/1,7.5YR,2.5,1,53,R,,
86,R484C14,,Bhs,,14,53,39,5YR 2.5/1,5YR,2.5,1,53,R,BB 42cm; sun,
86,R484C16,,Oi,,0,2,2,,,,,14,R,,
86,R484C16,,Oe,,2,7,5,,,,,14,R,,
86,R484C16,,Oa,,7,14,7,7.5YR 2.5/1,7.5YR,2.5,1,14,R,Sun,
86,R484C18,,Oi,,0,4,4,,,,,22,R,,
86,R484C18,,Oe,,4,6,2,,,,,22,R,,
86,R484C18,,Oa,,6,8,2,7.5YR 2.5/1,7.5YR,2.5,1,22,R,,
86,R484C18,,E,,8,10,2,7.5YR 4/2,7.5YR,4,2,22,R,,
86,R484C18,,Bhs,1,10,13,3,5YR 2.5/1,5YR,2.5,1,22,R,,
86,R484C18,,Bhs,2,13,22,9,5YR 3/3,5YR,3,3,22,R,Sun,
86,R484C20,,Oi,,0,4,4,,,,,81,R,,
86,R484C20,,Oe,,4,8,4,,,,,81,R,,
86,R484C20,,Oa,,8,17,9,7.5YR 2.5/1,7.5YR,2.5,1,81,R,,
86,R484C20,,E,,17,19,2,7.5YR 6/1,7.5YR,6,1,81,R,,
86,R484C20,,Bhs,,19,23,4,5YR 2.5/1,5YR,2.5,1,81,R,,
86,R484C20,,Bs,,23,81,58,5YR 3/4,5YR,3,4,81,R,BB 43cm at a diagonal; sun; possible BC at (depth?),
86,R482C20,,Oi,,0,3,3,,,,,14,R,,
86,R482C20,,Oe,,3,9,6,,,,,14,R,,
86,R482C20,,Oa,,9,14,5,7.5YR 2.5/1,7.5YR,2.5,1,14,R,"Sun; rite in the dirt, amirite?",
86,R482C18,,Oi,,0,3,3,,,,,35,R,,
86,R482C18,,Oe,,3,6,3,,,,,35,R,,
86,R482C18,,Oa,,6,24,18,7.5YR 2.5/1,7.5YR,2.5,1,35,R,,
86,R482C18,,Bhs,,24,35,11,5YR 2.5/1,5YR,2.5,1,35,R,"Sun; ""This is the pits""",
86,R482C16,,Oi,,0,2,2,,,,,14,R,,
86,R482C16,,Oe,,2,7,5,,,,,14,R,,
86,R482C16,,Oa,,7,14,7,7.5YR 2.5/1,7.5YR,2.5,1,14,R,Sun,
86,R482C14,,Oi,,0,4,4,,,,,29,R,,
86,R482C14,,Oe,,4,10,6,,,,,29,R,,
86,R482C14,,Oa,,10,28,18,7.5YR 2.5/1,7.5YR,2.5,1,29,R,,
86,R482C14,,E,,28,29,1,7.5YR 5/1,7.5YR,5,1,29,R,Sun,
86,R482C12,,Oi,,0,5,5,,,,,103,C,,
86,R482C12,,Oe,,5,16,11,,,,,103,C,,
86,R482C12,,Oa,,16,24,8,7.5YR 2.5/1,7.5YR,2.5,1,103,C,,
86,R482C12,,Bhs,,24,33,9,5YR 2.5/1,5YR,2.5,1,103,C,,
86,R482C12,,Bs,,33,62,29,5YR 3/4,5YR,3,4,103,C,,
86,R482C12,,BC,,62,71,9,10YR 5/6,10YR,5,6,103,C,,
86,R482C12,,C,,71,-,,2.5Y 6/4,2.5Y,6,4,103,C,Sun,
86,R480C16,,Oi,,0,4,4,,,,,25,R,,
86,R480C16,,Oe,,4,10,6,,,,,25,R,,
86,R480C16,,Oa,,10,23,13,7.5YR 2.5/1,7.5YR,2.5,1,25,R,,
86,R480C16,,E,,23,25,2,7.5YR 6/1,7.5YR,6,1,25,R,Intermixed with O(e?); between PFM and E well; sun; .5m to side,
86,R480C18,,Oi,,0,5,5,,,,,34,R,,
86,R480C18,,Oe,,5,13,8,,,,,34,R,,
86,R480C18,,Oa,,13,34,21,7.5YR 2.5/1,7.5YR,2.5,1,34,R,Sun,
86,R480C20,,Oi,,0,8,8,,,,,41,R,,
86,R480C20,,Oe,,8,28,20,,,,,41,R,,
86,R480C20,,Oa,,28,37,9,7.5YR 2.5/1,7.5YR,2.5,1,41,R,,
86,R480C20,,E,,37,41,4,5YR 7/1,5YR,7,1,41,R,Buried organic matter; E possibly decaying rock; sun,
86,R478C20,,Oi,,0,1,1,,,,,9,R,,
86,R478C20,,Oe,,1,2,1,,,,,9,R,,
86,R478C20,,Oa,,2,9,7,7.5YR 2.5/1,7.5YR,2.5,1,9,R,Sun,
86,R478C18,,Oi,,0,3,3,,,,,17,R,,
86,R478C18,,Oe,,3,14,11,,,,,17,R,,
86,R478C18,,Oa,,14,17,3,7.5YR 2.5/1,7.5YR,2.5,1,17,R,Sun; buried Organic Matter (OM),
86,R480C12,,Oi,,0,5,5,,,,,61,R,,
86,R480C12,,Oe,,5,16,11,,,,,61,R,,
86,R480C12,,Oa,,16,24,8,7.5YR 2.5/1,7.5YR,2.5,1,61,R,,
86,R480C12,,E,,24,29,5,7.5YR 5/2,7.5YR,5,2,61,R,,
86,R480C12,,Bhs,1,29,36,7,5YR 2.5/1,5YR,2.5,1,61,R,,
86,R480C12,,Bhs,2,36,48,12,7.5YR 3/2,7.5YR,3,2,61,R,,
86,R480C12,,BC,,48,61,13,10YR 3/4,10YR,3,4,61,R,Sun,
86,R480C14,,Oi,,0,4,4,,,,,93,BC,,
86,R480C14,,Oe,,4,9,5,,,,,93,BC,,
86,R480C14,,Oa,,9,12,3,7.5YR 2.5/1,7.5YR,2.5,1,93,BC,,
86,R480C14,,E,,12,15,3,10YR 5/2,10YR,5,2,93,BC,,
86,R480C14,,Bhs,,15,19,4,5YR 2.5/1,5YR,2.5,1,93,BC,,
86,R480C14,,Bs,,19,52,33,7.5YR 3/4,7.5YR,3,4,93,BC,,
86,R480C14,,Bh,,52,63,11,10YR 2/2,10YR,2,2,93,BC,,
86,R480C14,,BC,,63,-,,10YR 3/6,10YR,3,6,93,BC,Bh estimated depth,
86,R478C12,,Oi,,0,5,5,,,,,36,R,,
86,R478C12,,Oe,,5,11,6,,,,,36,R,,
86,R478C12,,Oa,,11,23,12,7.5YR 2.5/1,7.5YR,2.5,1,36,R,,
86,R478C12,,Bhs,,23,36,13,7.5YR 3/3,7.5YR,3,3,36,R,Sun,
86,R478C14,,Oi,,0,4,4,,,,,51,R,,
86,R478C14,,Oe,,4,8,4,,,,,51,R,,
86,R478C14,,Oa,,8,16,8,7.5YR 2.5/1,7.5YR,2.5,1,51,R,,
86,R478C14,,E,,16,21,5,7.5YR 5/2,7.5YR,5,2,51,R,,
86,R478C14,,Bhs,,21,42,21,7.5YR 3/2,7.5YR,3,2,51,R,,
86,R478C14,,BC?,,42,51,9,10YR 3/3,10YR,3,3,51,R,Sun,
86,R478C16,,Oi,,0,5,5,,,,,28,R,,
86,R478C16,,Oe,,5,9,4,,,,,28,R,,
86,R478C16,,Oa,,9,16,7,7.5YR 2.5/1,7.5YR,2.5,1,28,R,,
86,R478C16,,E,,16,28,12,7.5YR 4/2,7.5YR,4,2,28,R,Lots of roots and rocks made characterization difficult; sun,
86,R476C12,,Oi,,0,5,5,,,,,81,R,,
86,R476C12,,Oe,,5,11,6,,,,,81,R,,
86,R476C12,,Oa,,11,21,10,7.5YR 2.5/1,7.5YR,2.5,1,81,R,,
86,R476C12,,E,,21,32,11,10YR 5/2,10YR,5,2,81,R,,
86,R476C12,,Bhs,,32,71,39,7.5YR 2.5/2,7.5YR,2.5,2,81,R,,
86,R476C12,,BC?,,71,81,10,10YR 3/4,10YR,3,4,81,R,Sun; varibale biscuit: possible Bh in bottom; reddish mottle,
86,R476C14,,Oi,,0,3,3,,,,,56,R,,
86,R476C14,,Oe,,3,5,2,,,,,56,R,,
86,R476C14,,Oa,,5,7,2,7.5YR 2.5/1,7.5YR,2.5,1,56,R,,
86,R476C14,,E,,7,11,4,7.5YR 4/1,7.5YR,4,1,56,R,,
86,R476C14,,Bhs,,11,15,4,5YR 3/2,5YR,3,2,56,R,,
86,R476C14,,Bs,,15,56,41,5YR 3/4,5YR,3,4,56,R,Sun,
86,R476C16,,Oi,,0,5,5,,,,,23,R,,
86,R476C16,,Oe,,5,11,6,,,,,23,R,,
86,R476C16,,Oa,,11,16,5,7.5YR 2.5/1,7.5YR,2.5,1,23,R,,
86,R476C16,,E,,16,23,7,7.5YR 4/1,7.5YR,4,1,23,R,Sun,
86,R476C18,,Oi,,0,4,4,,,,,15,R,,
86,R476C18,,Oe,,4,11,7,,,,,15,R,,
86,R476C18,,Oa,,11,14,3,7.5YR 2.5/1,7.5YR,2.5,1,15,R,,
86,R476C18,,E,,14,15,1,7.5YR 5/1,7.5YR,5,1,15,R,Sun,
86,R476C20,,Oi,,0,5,5,,,,,69,R,,
86,R476C20,,Oe,,5,9,4,,,,,69,R,,
86,R476C20,,Oa,,9,15,6,7.5YR 2.5/1,7.5YR,2.5,1,69,R,,
86,R476C20,,E,,15,16,1,,,,,69,R,,
86,R476C20,,Bs,1,16,49,33,7.5YR 4/6,7.5YR,4,6,69,R,,
86,R476C20,,Bs,2,49,57,8,7.5YR 3/4,7.5YR,3,4,69,R,,
86,R476C20,,BC,,57,69,12,10YR 5/4,10YR,5,4,69,R,The shadow of an E; sun,
86,R474C20,,Oi,,0,4,4,,,,,32,R,,
86,R474C20,,Oe,,4,10,6,,,,,32,R,,
86,R474C20,,Oa,,10,22,12,7.5YR 2.5/1,7.5YR,2.5,1,32,R,,
86,R474C20,,Bhs,,22,32,10,5YR 2.5/1,5YR,2.5,1,32,R,Sun,
86,R474C18,,Oi,,0,4,4,,,,,37,R,,
86,R474C18,,Oe,,4,8,4,,,,,37,R,,
86,R474C18,,Oa,,8,11,3,7.5YR 2.5/1,7.5YR,2.5,1,37,R,,
86,R474C18,,E,,11,37,26,10YR 6/1,10YR,6,1,37,R,Sun,
86,R474C16,,Oi,,0,4,4,,,,,65,R,,
86,R474C16,,Oe,,4,8,4,,,,,65,R,,
86,R474C16,,Oa,,8,13,5,7.5YR 2.5/1,7.5YR,2.5,1,65,R,,
86,R474C16,,Bhs,,13,49,36,5YR 3/3,5YR,3,3,65,R,,
86,R474C16,,BC,,49,65,16,10YR 4/4,10YR,4,4,65,R,Bhs between 3/4 and 3/3; sun,
86,R474C14,,Oi,,0,4,4,,,,,61,R,,
86,R474C14,,Oe,,4,12,8,,,,,61,R,,
86,R474C14,,Oa,,12,30,18,7.5YR 2.5/1,7.5YR,2.5,1,61,R,,
86,R474C14,,Bs,,30,61,31,7.5YR 3/4,7.5YR,3,4,61,R,Might be a boulder,
86,R474C12,,Oi,,0,3.5,3.5,,,,,50,R,,
86,R474C12,,Oe,,3.5,7,3.5,,,,,50,R,,
86,R474C12,,Oa,,7,15.5,8.5,7.5YR 2.5/1,7.5YR,2.5,1,50,R,,
86,R474C12,,E,,15.5,21.5,6,7.5YR 5/1,7.5YR,5,1,50,R,,
86,R474C12,,Bhs,,21.5,32,10.5,5YR 2.5/1,5YR,2.5,1,50,R,,
86,R474C12,,Bs,,32,50,18,5YR 3/4,5YR,3,4,50,R,Sun,
86,R472C12,,Oi,,0,5,5,,,,,24,R,,
86,R472C12,,Oe,,5,12,7,,,,,24,R,,
86,R472C12,,Oa,,12,21,9,7.5YR 2.5/1,7.5YR,2.5,1,24,R,,
86,R472C12,,E,,21,24,3,7.5YR 4/1,7.5YR,4,1,24,R,Sun,
86,R472C14,,Oi,,0,6,6,,,,,33,R,,
86,R472C14,,Oe,,6,14,8,,,,,33,R,,
86,R472C14,,Oa,,14,19,5,7.5YR 2.5/1,7.5YR,2.5,1,33,R,,
86,R472C14,,E,,19,26,7,7.5YR 5/1,7.5YR,5,1,33,R,,
86,R472C14,,Bhs,,26,33,7,7.5YR 2.5/3,7.5YR,2.5,3,33,R,Sun,
86,R472C16,,Oi,,0,3,3,,,,,64,RF,,
86,R472C16,,Oe,,3,7,4,,,,,64,RF,,
86,R472C16,,Oa,,7,9,2,7.5YR 2.5/1,7.5YR,2.5,1,64,RF,,
86,R472C16,,E,,9,10,1,5YR 4/2,5YR,4,2,64,RF,,
86,R472C16,,Bhs,,10,13,3,5YR 2.5/2,5YR,2.5,2,64,RF,,
86,R472C16,,Bs,1,13,45,32,7.5YR 5/8,7.5YR,5,8,64,RF,,
86,R472C16,,Bs,2,45,-,,7.5YR 3/4,7.5YR,3,4,64,RF,Sun; approximated Bs1/Bs2 transition (gradual),
86,R472C18,,Oi,,0,4,4,,,,,11,R,,
86,R472C18,,Oe,,4,7,3,,,,,11,R,,
86,R472C18,,Oa,,7,11,4,7.5YR 2.5/1,7.5YR,2.5,1,11,R,Sun,
86,R470C12,,Oi,,0,5,5,,,,,47,R,,
86,R470C12,,Oe,,5,6,1,,,,,47,R,,
86,R470C12,,Oa,,6,8,2,7.5YR 2.5/1,7.5YR,2.5,1,47,R,,
86,R470C12,,E,,8,11,3,7.5YR 6/2,7.5YR,6,2,47,R,,
86,R470C12,,Bhs,,11,12,1,5YR 3/2,5YR,3,2,47,R,,
86,R470C12,,Bs,,12,47,35,7.5YR 4/3,7.5YR,4,3,47,R,"Bedrock very close, strangely deep (cbedmk?) underneath + croppy? out 5m to right and below; sun",
86,R470C14,,Oi,,0,4,4,,,,,51,R,,
86,R470C14,,Oe,,4,7,3,,,,,51,R,,
86,R470C14,,Oa,,7,12,5,7.5YR 2.5/1,7.5YR,2.5,1,51,R,,
86,R470C14,,E,,12,12,0,10YR 4/2,10YR,4,2,51,R,,
86,R470C14,,Bhs,1,12,15,3,5YR 2.5/2,5YR,2.5,2,51,R,,
86,R470C14,,Bhs,2,15,51,36,7.5YR 3/3,7.5YR,3,3,51,R,Maybe not bedrock,
86,R470C16,,Oi,,0,5,5,,,,,70,RF,,
86,R470C16,,Oe,,5,7,2,,,,,70,RF,,
86,R470C16,,Oa,,7,9,2,7.5YR 2.5/1,7.5YR,2.5,1,70,RF,,
86,R470C16,,E,,9,14,5,7.5YR 5/2,7.5YR,5,2,70,RF,,
86,R470C16,,Bhs,,14,18,4,5YR 2.5/1,5YR,2.5,1,70,RF,,
86,R470C16,,Bs,,18,40,22,5YR 4/4,5YR,4,4,70,RF,,
86,R470C16,,BC,,40,-,,10YR 3/4,10YR,3,4,70,RF,Sun,
86,R470C18,,Oi,,0,9,9,,,,,52,R,,
86,R470C18,,Oe,,9,15,6,,,,,52,R,,
86,R470C18,,Oa,,15,20,5,7.5YR 2.5/1,7.5YR,2.5,1,52,R,,
86,R470C18,,E,1,20,23,3,7.5YR 5/2,7.5YR,5,2,52,R,,
86,R470C18,,E,2,23,40,17,7.5YR 4/2,7.5YR,4,2,52,R,,
86,R470C18,,Bhs,,40,52,12,7.5YR 3/2,7.5YR,3,2,52,R,Sun; darker color interpreted depth,
86,R468C12,,Oi,,0,4,4,,,,,69,RF,,
86,R468C12,,Oe,,4,8.5,4.5,,,,,69,RF,,
86,R468C12,,Oa,,8.5,12,3.5,7.5YR 2.5/1,7.5YR,2.5,1,69,RF,,
86,R468C12,,E,,12,16,4,7.5YR 5/2,7.5YR,5,2,69,RF,,
86,R468C12,,Bhs,,16,24,8,5YR 3/2,5YR,3,2,69,RF,,
86,R468C12,,Bs,1,24,60,36,5YR 4/4,5YR,4,4,69,RF,,
86,R468C12,,Bs,2,60,69,9,5YR 3/4,5YR,3,4,69,RF,Sun,
86,R466C12,,Oi,,0,5,5,,,,,51,R,,
86,R466C12,,Oe,,5,13,8,,,,,51,R,,
86,R466C12,,Oa,,13,17,4,7.5YR 2.5/1,7.5YR,2.5,1,51,R,,
86,R466C12,,E,,17,22,5,7.5YR 5/1,7.5YR,5,1,51,R,,
86,R466C12,,Bhs,,22,25,3,5YR 2.5/1,5YR,2.5,1,51,R,,
86,R466C12,,Bs,,25,51,26,7.5YR 3/4,7.5YR,3,4,51,R,E pocketed; lots coarse frags/boulders; maybe less than 1cm Bhs below E; Bs secondary color 7.5YR 4/4,
86,R466C14,,Oi,,0,4,4,,,,,70,R,,
86,R466C14,,Oe,,4,9,5,,,,,70,R,,
86,R466C14,,Oa,,9,19,10,7.5YR 2.5/1,7.5YR,2.5,1,70,R,,
86,R466C14,,Bhs,,19,36,17,5YR 2.5/1,5YR,2.5,1,70,R,,
86,R466C14,,BC,,36,70,34,10YR 3/6,10YR,3,6,70,R,Moved to 17m because of trampling/disturbance; greasy Bhs,
86,R466C16,,Oi,,0,4,4,,,,,54,RF,,
86,R466C16,,Oe,,4,8,4,,,,,54,RF,,
86,R466C16,,Oa,,8,11,3,7.5YR 2.5/1,7.5YR,2.5,1,54,RF,,
86,R466C16,,A,,11,18,7,,,,,54,RF,,
86,R466C16,,E,,18,24,6,7.5YR 4/1,7.5YR,4,1,54,RF,,
86,R466C16,,Bs,,24,-,,7.5 YR 4/4,7.5YR,4,4,54,RF,"A horizon originally documented as O/E, darkness of O but mineral feel of E; A color originally recorded as co-dominant 7.5YR 2.5/1 and 7.5YR 4/1",
86,R466C18,,Oi,,0,5,5,,,,,63,R,,
86,R466C18,,Oe,,5,8,3,,,,,63,R,,
86,R466C18,,Oa,,8,11,3,7.5YR 2.5/1,7.5YR,2.5,1,63,R,,
86,R466C18,,E,,11,14,3,10YR 6/1,10YR,6,1,63,R,,
86,R466C18,,Bhs,,14,21,7,7.5YR 2/2,7.5YR,2,2,63,R,,
86,R466C18,,Bs,,21,54,33,7/5YR 3/4,7.5YR,3,4,63,R,,
86,R466C18,,BC,,54,63,9,10YR3/6,10YR,3,6,63,R,No sun,
86,R464C18,,Oi,,0,4,4,,,,,82,R,,
86,R464C18,,Oe,,4,7,3,,,,,82,R,,
86,R464C18,,Oa,,7,11,4,7.5YR 2.5/1,7.5YR,2.5,1,82,R,,
86,R464C18,,E,,11,12,1,7.5YR 5/1,7.5YR,5,1,82,R,,
86,R464C18,,Bs,,12,47,35,7.5YR 4/4,7.5YR,4,4,82,R,,
86,R464C18,,BC,,47,82,35,10YR 3/4,10YR,3,4,82,R,Spotty E,
86,R464C16,,Oi,,0,6,6,,,,,97,R,,
86,R464C16,,Oe,,6,11,5,,,,,97,R,,
86,R464C16,,Oa,,11,25,14,7.5YR 2.5/1,7.5YR,2.5,1,97,R,,
86,R464C16,,E,,25,29,4,7.5YR 5/2,7.5YR,5,2,97,R,,
86,R464C16,,Bs,,29,47,18,7.5YR 3/4,7.5YR,3,4,97,R,,
86,R464C16,,BC,,47,67,20,10YR 3/6,10YR,3,6,97,R,,
86,R464C16,,C,,67,97,30,10YR 3/3,10YR,3,3,97,R,Weird horizon boundary between C and BC roughly estimated,
86,R464C14,,Oi,,0,6,6,,,,,81,R,,
86,R464C14,,Oe,,6,19,13,,,,,81,R,,
86,R464C14,,Oa,,19,22,3,7.5YR 2.5/1,7.5YR,2.5,1,81,R,,
86,R464C14,,E,1,22,26,4,7.5YR 4/2,7.5YR,4,2,81,R,,
86,R464C14,,E,2,26,33,7,7.5YR 7/1,7.5YR,7,1,81,R,,
86,R464C14,,Bhs,,33,75,42,5YR 2.5/1,5YR,2.5,1,81,R,,
86,R464C14,,BC,,75,81,6,10YR 3/4,10YR,3,4,81,R,E1 is pockety; possible tip up,
86,R464C12,,Oi,,0,4,4,,,,,41,RF,,
86,R464C12,,Oe,,4,7,3,,,,,41,RF,,
86,R464C12,,Oa,,7,9,2,7.5YR 2.5/1,7.5YR,2.5,1,41,RF,,
86,R464C12,,E,,9,12,3,7.5YR 4/2,7.5YR,4,2,41,RF,,
86,R464C12,,Bhs,,12,15,3,5YR 2.5/1,5YR,2.5,1,41,RF,,
86,R464C12,,Bs,,15,-,,7.5YR 3/4,7.5YR,3,4,41,RF,Sun,
86,R462C12,,Oi,,0,5,5,,,,,60,RF,,
86,R462C12,,Oe,,5,10,5,,,,,60,RF,,
86,R462C12,,Oa,,10,19,9,7.5YR 2.5/1,7.5YR,2.5,1,60,RF,,
86,R462C12,,Bhs,,19,-,,5YR 2.5/2,5YR,2.5,2,60,RF,13m away from previous transect; sun,
86,R462C14,,Oi,,0,4,4,,,,,19,R,,
86,R462C14,,Oe,,4,12,8,,,,,19,R,,
86,R462C14,,Oa,,12,19,7,7.5YR 2.5/1,7.5YR,2.5,1,19,R,Appears to be bedrock in spite of depth of nearby pits; sun,
86,R462C16,,Oi,,0,3,3,,,,,60,RF,,
86,R462C16,,Oe,,3,4,1,,,,,60,RF,,
86,R462C16,,Oa,,4,6,2,7.5YR 2.5/1,7.5YR,2.5,1,60,RF,,
86,R462C16,,E,,6,6.5,0.5,7.5YR 4/1,7.5YR,4,1,60,RF,,
86,R462C16,,Bhs,,6.5,9,2.5,5YR 2.5/2,5YR,2.5,2,60,RF,,
86,R462C16,,Bs,,9,-,,7.5YR 4/4,7.5YR,4,4,60,RF,Sun,
86,R462C18,,Oi,,0,3,3,,,,,87,RF,,
86,R462C18,,Oe,,3,10,7,,,,,87,RF,,
86,R462C18,,Oa,,10,20,10,7.5YR 2.5/1,7.5YR,2.5,1,87,RF,,
86,R462C18,,Bhs,,20,66,46,7.5YR 2.5/2,7.5YR,2.5,2,87,RF,,
86,R462C18,,Bs,,66,84,18,7.5YR 3/4,7.5YR,3,4,87,RF,,
86,R462C18,,BC,,84,-,,10YR 5/4,10YR,5,4,87,RF,,
86,R462C10,,Oi,,0,4,4,,,,,68,RF,,
86,R462C10,,Oe,,4,5,1,,,,,68,RF,,
86,R462C10,,Oa,,5,7,2,7.5YR 2.5/1,7.5YR,2.5,1,68,RF,,
86,R462C10,,E,,7,8,1,7.5YR 5/2,7.5YR,5,2,68,RF,,
86,R462C10,,Bhs,,8,13,5,5YR 2.5/2,5YR,2.5,2,68,RF,,
86,R462C10,,Bs,1,13,29,16,5YR 3/4,5YR,3,4,68,RF,,
86,R462C10,,Bs,2,29,42,13,7.5YR 3/4,7.5YR,3,4,68,RF,,
86,R462C10,,BC,,42,-,,10YR 4/4,10YR,4,4,68,RF,Sun,
86,R462C8,,Oi,,0,3,3,,,,,46,RF,,
86,R462C8,,Oe,,3,6,3,,,,,46,RF,,
86,R462C8,,Oa,,6,12,6,7.5YR 2.5/1,7.5YR,2.5,1,46,RF,,
86,R462C8,,E,,12,16,4,7.5YR 5/1,7.5YR,5,1,46,RF,,
86,R462C8,,Bhs,,16,19,3,5YR 2.5/2,5YR,2.5,2,46,RF,,
86,R462C8,,Bs,,19,-,,7.5YR 3/4,7.5YR,3,4,46,RF,Sun,
86,R460C8,,Oi,,0,4,4,,,,,60,C,,
86,R460C8,,Oe,,4,14,10,,,,,60,C,,
86,R460C8,,Oa,,14,32,18,7.5YR 2.5/1,7.5YR,2.5,1,60,C,,
86,R460C8,,E,,32,32.5,0.5,,,,,60,C,,
86,R460C8,,Bhs,,32.5,50,17.5,7.5YR 3/3,7.5YR,3,3,60,C,,
86,R460C8,,BC,,50,60,10,10YR 3/6,10YR,3,6,60,C,,
86,R460C8,,C,,60,-,,2.5YR 5/4,2.5YR,5,4,60,C,Sun; shadowy E line too thin to color,
86,R460C10,,Oi,,0,4,4,,,,,76,RF,,
86,R460C10,,Oe,,4,9,5,,,,,76,RF,,
86,R460C10,,Oa,,9,18,9,7.5YR 2.5/1,7.5YR,2.5,1,76,RF,,
86,R460C10,,E,,18,19,1,7.5YR 5/2,7.5YR,5,3,76,RF,,
86,R460C10,,Bhs,1,19,20,1,7.5YR 2.5/1,7.5YR,2.5,2,76,RF,,
86,R460C10,,Bhs,2,20,34,14,5YR 3/2,5YR,3,3,76,RF,,
86,R460C10,,Bs,,34,75,41,7.5YR 3/4,7.5YR,3,4,76,RF,,
86,R460C10,,BC,,75,-,,10YR 3/6,10YR,3,6,76,RF,E and Bhs1 very thin,
86,R460C12,,Oi,,0,5,5,,,,,60,RF,,
86,R460C12,,Oe,,5,11,6,,,,,60,RF,,
86,R460C12,,Oa,,11,20,9,7.5YR 2.5/1,7.5YR,2.5,1,60,RF,,
86,R460C12,,Bh,,20,54,34,10YR 3/2,10YR,3,2,60,RF,,
86,R460C12,,BC,,54,-,,10YR 4/4,10YR,4,4,60,RF,"""I want a Monday kind of glove""",
86,R460C14,,Oi,,0,4,4,,,,,64,RF,,
86,R460C14,,Oe,,4,7,3,,,,,64,RF,,
86,R460C14,,Oa,,7,12,5,7.5YR 2.5/1,7.5YR,2.5,1,64,RF,,
86,R460C14,,E,,12,13,1,7.5YR 4/2,7.5YR,4,2,64,RF,,
86,R460C14,,Bhs,,13,14,1,5YR 2.5/2,5YR,2.5,2,64,RF,,
86,R460C14,,Bs,,14,48,34,7.5YR 3/4,7.5YR,3,4,64,RF,,
86,R460C14,,BC,,48,-,,10YR 4/4,10YR,4,4,64,RF,,
86,R460C16,,Oi,,0,3,3,,,,,77,C,,
86,R460C16,,Oe,,3,7,4,,,,,77,C,,
86,R460C16,,Oa,,7,23,16,7.5YR 2.5/1,7.5YR,2.5,1,77,C,,
86,R460C16,,Bhs,,23,30,7,7.5YR 2.5/1,7.5YR,2.5,1,77,C,,
86,R460C16,,Bs,,30,53,23,7.5YR 3/4,7.5YR,3,4,77,C,,
86,R460C16,,BC,,53,63,10,10YR 4/4,10YR,4,4,77,C,,
86,R460C16,,C,,63,-,,2.5Y 5/4,2.5Y,5,4,77,C,,
86,R458C14,,Oi,,0,4,,,,,,111,BCb'',,
86,R458C14,,Oe,,4,6,2,,,,,111,BCb'',,
86,R458C14,,Oa,,6,8,2,7.5YR 2.5/1,7.5YR,2.5,1,111,BCb'',,
86,R458C14,,Bhs,,8,15,7,7.5YR 3/3,7.5YR,3,3,111,BCb'',,
86,R458C14,,BC,,15,37,22,10YR 4/4,10YR,4,4,111,BCb'',,
86,R458C14,,Eb,,37,42,5,7.5YR 5/2,7.5YR,5,2,111,BCb'',,
86,R458C14,,BCb',,42,47,5,10YR 3/6,10YR,3,6,111,BCb'',,
86,R458C14,,Eb',,47,53,6,7.5YR 6/1,7.5YR,6,1,111,BCb'',,
86,R458C14,,Bsb,,53,100,47,7.5YR 4/4,7.5YR,4,4,111,BCb'',,
86,R458C14,,BCb'',,100,-,,10YR 3/4,10YR,3,4,111,BCb'',E pocket; very weird; never again,
86,R458C12,,Oi,,0,4,4,,,,,74,R,,
86,R458C12,,Oe,,4,9,5,,,,,74,R,,
86,R458C12,,Oa,,9,36,27,7.5YR 2.5/1,7.5YR,2.5,1,74,R,,
86,R458C12,,Bh,,36,54,18,10YR 3/4,10YR,3,4,74,R,,
86,R458C12,,BC,,54,74,20,10YR 4/4,10YR,4,4,74,R,"BC much sandier; ""stupid skeeters""",
86,R458C10,,Oi,,0,3,3,,,,,32,RF,,
86,R458C10,,Oe,,3,11,8,,,,,32,RF,,
86,R458C10,,Oa,,11,20,9,7.5YR 2.5/1,7.5YR,2.5,1,32,RF,,
86,R458C10,,E,,20,23,3,7.5YR 5/1,7.5YR,5,1,32,RF,,
86,R458C10,,Bhs,,23,26,3,7.5YR 2.5/2,7.5YR,2.5,2,32,RF,,
86,R458C10,,Bs,,26,-,,7.5YR 3/3,7.5YR,3,3,32,RF,Sun,
86,R458C8,,Oi,,0,4,4,,,,,62,C,,
86,R458C8,,Oe,,4,17,13,,,,,62,C,,
86,R458C8,,Oa,,17,33,16,7.5YR 2.5/1,7.5YR,2.5,1,62,C,,
86,R458C8,,Bhs,,33,47,14,7.5YR 2.5/2,7.5YR,2.5,2,62,C,,
86,R458C8,,Bs,,47,55,8,5YR 3/4,5YR,3,4,62,C,,
86,R458C8,,C,,55,-,,2.5Y 4/3,2.5Y,4,3,62,C,Sun,
86,R456C8,,Oi,,0,3,3,,,,,49,C,,
86,R456C8,,Oe,,3,6,3,,,,,49,C,,
86,R456C8,,Oa,,6,9,3,7.5YR 2.5/1,7.5YR,2.5,1,49,C,,
86,R456C8,,E,,9,12,3,5YR 7/1,5YR,7,1,49,C,,
86,R456C8,,Bhs,,12,16,4,5YR 2.5/1,5YR,2.5,1,49,C,,
86,R456C8,,Bs,,16,27,11,5YR 3/4,5YR,3,4,49,C,,
86,R456C8,,BC,,27,42,15,7.5YR 4/4,7.5YR,4,4,49,C,,
86,R456C8,,C,,42,-,,10YR 5/4,10YR,5,4,49,C,No sun,
86,R456C10,,Oi,,0,4,4,,,,,56,RF,,
86,R456C10,,Oe,,4,7,3,,,,,56,RF,,
86,R456C10,,Oa,,7,16,9,7.5YR 2.5/1,7.5YR,2.5,1,56,RF,,
86,R456C10,,E,,16,20,4,10YR 6/1,10YR,6,1,56,RF,,
86,R456C10,,Bs,,20,34,14,7.5YR 4/3,7.5YR,4,3,56,RF,,
86,R456C10,,BC,,34,-,,10YR 3/6,10YR,3,6,56,RF,No sun,
86,R456C12,,Oi,,0,4,4,,,,,34,RF,,
86,R456C12,,Oe,,4,9,5,,,,,34,RF,,
86,R456C12,,Oa,,9,11,2,7.5YR 2.5/1,7.5YR,2.5,1,34,RF,,
86,R456C12,,Bhs,,11,-,,7.5YR 2.5/2,7.5YR,2.5,1,34,RF,No sun,
86,R456C14,,Oi,,0,3,3,,,,,83,C,,
86,R456C14,,Oe,,3,5,2,,,,,83,C,,
86,R456C14,,Oa,,5,7,2,7.5YR 2.5/1,7.5YR,2.5,1,83,C,,
86,R456C14,,E,,7,8,1,,,,,83,C,,
86,R456C14,,Bhs,,8,10,2,5YR 2.5/2,5YR,2.5,2,83,C,,
86,R456C14,,Bs,,10,13,3,7.5YR 3/4,7.5YR,3,4,83,C,,
86,R456C14,,BC,,13,21,8,10YR 4/6,10YR,4,6,83,C,,
86,R456C14,,Eb,,21,32,11,10YR 7/1,10YR,7,1,83,C,,
86,R456C14,,BC',1,32,62,30,10YR 5/8,10YR,5,8,83,C,,
86,R456C14,,BC',2,62,76,14,10YR 3/4,10YR,3,4,83,C,,
86,R456C14,,BC',3,76,82,6,10YR 4/6,10YR,4,6,83,C,,
86,R456C14,,C,,82,-,,2.5Y 5/4,2.5Y,5,4,83,C,Sun; E too thin to color,
86,R462C20,,Oi,,0,2,2,,,,,49,RF,,
86,R462C20,,Oe,,2,4,2,,,,,49,RF,,
86,R462C20,,Oa,,4,8,4,7.5YR 2.5/1,7.5YR,2.5,1,49,RF,,
86,R462C20,,E,,8,9,1,,,,,49,RF,,
86,R462C20,,Bhs,1,9,14,5,7.5YR 3/2,7.5YR,3,3,49,RF,,
86,R462C20,,Bhs,2,14,46,32,7.5YR 2.5/1,7.5YR,2.5,1,49,RF,,
86,R462C20,,Bs,,46,-,,5YR 3/4,5YR,3,4,49,RF,E too thin to color,
86,R464C10,,Oi,,0,4,4,,,,,51,C,,
86,R464C10,,Oe,,4,8,4,,,,,51,C,,
86,R464C10,,Oa,,8,16,8,7.5YR 2.5/1,7.5YR,2.5,1,51,C,,
86,R464C10,,E,,16,21,5,10YR 7/1,10YR,7,1,51,C,,
86,R464C10,,Bhs,,21,28,7,5YR 2.5/1,5YR,2.5,1,51,C,,
86,R464C10,,Bs,,28,37,9,7.5YR 4/4,7.5YR,4,4,51,C,,
86,R464C10,,C,,37,-,,2.5Y 5/6,2.5Y,5,6,51,C,,
86,R464C8,,Oi,,0,3,3,,,,,46,RF,,
86,R464C8,,Oe,,3,13,10,,,,,46,RF,,
86,R464C8,,Oa,,13,18,5,7.5YR 2.5/1,7.5YR,2.5,1,46,RF,,
86,R464C8,,Bhs,,18,-,,7.5YR 3/3,7.5YR,3,3,46,RF,,
52,R500M0,,Oi,,0,1.5,1.5,,,,,13,R,,
52,R500M0,,Oe,,1.5,3,1.5,,,,,13,R,,
52,R500M0,,Oa,,3,3.5,0.5,7.5YR 2.5/1,7.5YR,2.5,1,13,R,,
52,R500M0,,E,,3.5,13,9.5,7.5YR 6/1,7.5YR,6,1,13,R,Nice coarse fragement was pocketed; top of rock outcrop,
52,R500M1.5,,E Podzol,,0,37,37,,,,,37,R,,
52,R500M4.0,,E Podzol,,0,25.5,25.5,,,,,25.5,R,End visisble outcrop,
52,R500M5.0,,E Podzol,,0,18.5,18.5,,,,,18.5,R,Microtopo flattens,
52,R500M10,,Oi,,0,3,3,,,,,10,R,,
52,R500M10,,Oe,,3,7,4,,,,,10,R,,
52,R500M10,,Oa,,7,10,3,7.5YR 2.5/1,7.5YR,2.5,1,10,R,E Pocket,
52,R500M15,,E Podzol,,0,8,8,,,,,8,R,Last point before drop off,
52,R500M19,,E Podzol,,0,22,22,,,,,22,R,Depression,
52,R500M20,,Oi,,0,3.5,3.5,,,,,6.5,R,,
52,R500M20,,Oe,,3.5,6,2.5,,,,,6.5,R,,
52,R500M20,,Oa,,6,6.5,0.5,7.5YR 2.5/1,7.5YR,2.5,1,6.5,R,Mound (bedrock),
52,R500M24.5,,E Podzol,,0,41,41,,,,,41,R,Depression between mounds,
52,R500M25.5,,E Podzol,,0,12,12,,,,,12,R,Next mound,
52,R500M30,,Oi,,0,4,4,,,,,25,R,,
52,R500M30,,Oe,,4,9.5,5.5,,,,,25,R,,
52,R500M30,,Oa,,9.5,10,0.5,,,,,25,R,,
52,R500M30,,E,,10,25,15,7.5YR 2.5/1,7.5YR,2.5,1,25,R,Gentle slope down,
52,R500M38.5,,E Podzol,,0,33,33,,,,,33,R,In between mounds,
52,R500M40,,Oi,,0,2,2,,,,,5,R,,
52,R500M40,,Oe,,2,3,1,,,,,5,R,,
52,R500M40,,Oa,,3,5,2,7.5YR 2.5/1,7.5YR,2.5,1,5,R,On mound,
52,R500M42.5,,E Podzol,,0,49,49,,,,,49,R,Dark E,
52,R500M50,,Oi,,0,1,1,,,,,56,R,,
52,R500M50,,Oe,,1,5,4,,,,,56,R,,
52,R500M50,,Oa,,5,6,1,7.5YR 2.5/1,7.5YR,2.5,1,56,R,,
52,R500M50,,Bhs,1,6,29,23,7.5YR 3/2,7.5YR,3,2,56,R,,
52,R500M50,,Bhs,2,29,56,27,5YR 3/2,5YR,3,2,56,R,Continuing downward slope; patches of 3/3 in Bhs1,
52,R498M0,,Oi,,0,2,2,,,,,4,R,,
52,R498M0,,Oe,,2,3,1,,,,,4,R,,
52,R498M0,,Oa,,3,4,1,7.5YR 2.5/1,7.5YR,2.5,1,4,R,Bright sunny; open bedrock; tourmaline and mica sheets visible (near peg matrix contact???),
52,R498M10,,R,,0,0,0,,,,,0,R,peeled by giant tree throw; bit of bedrock collected; continues to be barely mossy bedrock,
52,R498M20,,Oi,,0,3,3,,,,,7,R,,
52,R498M20,,Oe,,3,5,2,,,,,7,R,,
52,R498M20,,Oa,,5,6,1,7.5YR 2.5/1,7.5YR,2.5,1,7,R,,
52,R498M20,,E,,6,7,1,7.5YR 4/2,7.5YR,4,2,7,R,Edge bedrock before flattens,
52,R498M22.5,,E Podzol,,0,15,15,,,,,15,R,Brighter E; bedrock disappears and converges with other landform,
52,R498M30,,Oi,,0,5.5,5.5,,,,,25.5,R,,
52,R498M30,,Oe,,5.5,10,4.5,,,,,25.5,R,,
52,R498M30,,Oa,,10,11,1,7.5YR 3/2,7.5YR,3,2,25.5,R,,
52,R498M30,,Bhs,,11,25.5,14.5,7.5YR 3/3,7.5YR,3,3,25.5,R,Next lump ending at steep dropoff at 33.5m; cusp between Bhs and E Podzol; Oa potentially A horizon,
52,R498M35,,E Podzol,,0,31.5,31.5,,,,,31.5,R,At end of dropoff; levels out,
52,R498M40,,Oi,,0,2,2,,,,,22.5,R,,
52,R498M40,,Oe,,2,4,2,,,,,22.5,R,,
52,R498M40,,Oa,,4,6.5,2.5,7.5YR 2.5/1,7.5YR,2.5,1,22.5,R,,
52,R498M40,,E,,6.5,22.5,16,7.5YR 6/1,7.5YR,6,1,22.5,R,Coming off another little bedrock ledge,
52,R498M45.5,,(Bark?) Histosol,,0,6.5,6.5,,,,,6.5,R,Edge of ledge,
52,R498M47,,Oi,,0,3,3,,,,,58,R,,
52,R498M47,,Oe,,3,5,2,,,,,58,R,,
52,R498M47,,Oa,,5,7.5,2.5,7.5YR 2.5/1,7.5YR,2.5,1,58,R,,
52,R498M47,,E,,7.5,12,4.5,7.5YR 4/2,7.5YR,4,2,58,R,,
52,R498M47,,Bhs,,12,55,43,5YR 2.5/2,5YR,2.5,2,58,R,,
52,R498M47,,Bs,,55,58,3,5YR 4/4,5YR,4,4,58,R,Accidental full characterization,
52,R498M50,"
",unknown,,0,88,88,,,,,88,,"Similar to R498M47, but more humic",
52,R496M50,,Oi,,0,1,1,,,,,10,R,,
52,R496M50,,Oe,,1,3,2,,,,,10,R,,
52,R496M50,,Oa,,3,5,2,7.5YR 2.5/1,7.5YR,2.5,1,10,R,,
52,R496M50,,E,,5,10,5,7.5YR 5/2,7.5YR,5,2,10,R,Located 1m south to avoid a tree; flattish; side of flow path; no sun,
52,R496M48.5,,Bhs podzol,,0,13,13,,,,,13,R,Closed depression,
52,R496M47,,Bedrock Histosol,,0,2,2,,,,,2,R,"Lump
",
52,R496M40,,Oi,,0,1.5,1.5,,,,,45,R,,
52,R496M40,,Oe,,1.5,4,2.5,,,,,45,R,,
52,R496M40,,Oa,,4,7,3,7.5YR 2.5/1,7.5YR,2.5,1,45,R,,
52,R496M40,,Bhs,,7,45,38,5YR 3/1,5YR,3,1,45,R,E pockets; bedrock (croting?) steeply in small lump to north; grades slightly up to next,
52,R496M37.5,,Unknown podzol,,0,37,37,,,,,37,R,One lump thats converging between two,
52,R496M35,,Bedrock,,0,0,0,,,,,0,R,Next lump,"Only schist
"
52,R496M33,,Dark E Podzol,,0,38,38,,,,,38,R,Slight depression,
52,R496M30,,Oi,,0,1,1,,,,,30.5,R,,
52,R496M30,,Oe,,1,4,3,,,,,30.5,R,,
52,R496M30,,Oa,,4,4.5,0.5,7.5YR 2.5/1,7.5YR,2.5,1,30.5,R,,
52,R496M30,,Bhs,,4.5,30.5,26,7.5YR 2.5/2,7.5YR,2.5,2,30.5,R,On side of steep bedrock,
52,R496M27,,Bhs Podzol,,0,63,63,7.5YR 3/3,7.5YR,3,3,63,R,Flattens out; yellowish,
52,R496M22,,Bedrock Histosol,,0,2,2,,,,,2,R,Mound,
52,R496M20.5,,Bedrock Histosol,,0,3,3,,,,,3,R,Bedrock (rises?) steeply,
52,R496M20,,Bedrock,,0,0,0,,,,,0,R,,
52,R496M15,,E Podzol,,0,9,9,,,,,9,R,Top of bedrock,
52,R496M10,,Oi,,0,0.5,0.5,,,,,3,R,,
52,R496M10,,Oe,,0.5,2,1.5,,,,,3,R,,
52,R496M10,,Oa,,2,3,1,7.5YR 2.5/1,7.5YR,2.5,1,3,R,[bedrock] Continues to rise,
52,R496M0,,Oi,,0,4,4,,,,,23.5,R,,
52,R496M0,,Oe,,4,8,4,,,,,23.5,R,,
52,R496M0,,Oa,,8,9,1,7.5YR 2.5/1,7.5YR,2.5,1,23.5,R,,
52,R496M0,,E,,9,23.5,14.5,10YR 4/1,10YR,4,1,23.5,R,Bedrock (topsy turvy?) but mostly covered in O or O/E; low spot between converging rocks,
52,R494M0,,Oi,,0,2.5,2.5,,,,,38.5,R,,
52,R494M0,,Oe,,2.5,5,2.5,,,,,38.5,R,,
52,R494M0,,Oa,,5,7,2,7.5YR 2.5/1,7.5YR,2.5,1,38.5,R,,
52,R494M0,,E,,7,38.5,31.5,7.5YR 4/2,7.5YR,4,2,38.5,R,No sun; top flattish of bedrock; w/n edge,
52,R494M10,,Oi,,0,4,4,,,,,13,R,,
52,R494M10,,Oe,,4,13,9,,,,,13,R,"Bedrock dips at 9.5m; dips steeply/perpendicular to ground; less than 1cm of Oa; outcrop at 350 degrees
",
52,R494M15.5,,E Podzol,,0,18.5,18.5,,,,,18.5,R,Bedrock dissappears and landscape flattens,
52,R494M18.5,,Bhs Podzol,,0,26.5,26.5,,,,,26.5,R,E pockets; another step in landscape/bedrock under,
52,R494M20,,Bedrock,,0,0,0,,,,,0,R,,
52,R494M21,,E Podzol,,0,48.5,48.5,,,,,48.5,R,Bedrock under again,
52,R494M30,,Oi,,0,5,5,,,,,25,R,,
52,R494M30,,Oe,,5,9,4,,,,,25,R,,
52,R494M30,,Oa,,9,13,4,7.5YR 2.5/1,7.5YR,2.5,1,25,R,,
52,R494M30,,E,,13,25,12,5YR 5/1,5YR,5,1,25,R,"Consistent slope down to M30, in mini-depression between 2 rocks",
52,R494M32.5,,E Podzol,,0,24,24,,,,,24,R,Mini-depression,
52,R494M40,,Oi,,0,2.5,2.5,,,,,7,R,,
52,R494M40,,Oe,,2.5,5,2.5,,,,,7,R,,
52,R494M40,,Oa,,5,7,2,7.5YR 2.5/1,7.5YR,2.5,1,7,R,Slope downward steepens,
52,R494M43.5,,Bedrock Histosol,,0,8,8,,,,,8,R,Bottom footslope/flattens,
52,R494M50,,Oi,,0,3,3,,,,,40,R,,
52,R494M50,,Oe,,3,6,3,,,,,40,R,,
52,R494M50,,Oa,,6,7,1,7.5YR 2.5/1,7.5YR,2.5,1,40,R,,
52,R494M50,,Bhs,,7,40,33,5YR 2.5/2,5YR,2.5,2,40,R,"Small, deep mound in drainage between bedrocks",
52,R494M60,,Oi,,0,2,2,,,,,6,R,,
52,R494M60,,Oe,,2,6,4,,,,,6,R,"Bedrock lining E; side of ""channel""",
52,R492M60,,Oi,,0,1,1,,,,,3,R,,
52,R492M60,,Oe,,1,3,2,,,,,3,R,Micro-backslope; top of mound; boundary flow path,
52,R492M55,,"E Podzol
",,0,18,18,,,,,18,R,Bedrock flattens out,
52,R492M50,,Oi,,0,4,4,,,,,61,R,,
52,R492M50,,Oe,,4,7,3,,,,,61,R,,
52,R492M50,,Oa,,7,9,2,7.5YR 2.5/1,7.5YR,2.5,1,61,R,,
52,R492M50,,Bhs,,9,35,26,7.5YR 2.5/2,7.5YR,2.5,1,61,R,,
52,R492M50,,E/Bg,,35,54,19,7.5YR 4/1,7.5YR,4,1,61,R,,
52,R492M50,,C,,54,61,7,2.5Y 4/3,2.5Y,4,3,61,R,"No apparent disturbance level; flat at bedrock; E/Bg wet, smeary, metallic smell",
52,R492M47.5,,Bedrock Histosol,,0,5,5,,,,,5,R,Bedrock emerges,
52,R492M40,,Oi,,0,3,3,,,,,44,R,,
52,R492M40,,Oe,,3,5,2,,,,,44,R,,
52,R492M40,,Oa,,5,7,2,7.5YR 2.5/1,7.5YR,2.5,1,44,R,,
52,R492M40,,Bhs,,7,44,37,7.5YR 3/2,7.5YR,3,2,44,R,Over bedrock humps; E pockets,
52,R492M36,,Bedrock,,0,0,0,,,,,0,R,Bedrock emerges,
52,R492M30,,Oi,,0,3,3,,,,,10,R,,
52,R492M30,,Oe,,3,8,5,,,,,10,R,,
52,R492M30,,Oa,,8,10,2,7.5YR 2.5/1,7.5YR,2.5,1,10,R,Next mound top,
52,R492M26,,Bhs Podzol,,0,33,33,,,,,33,R,Depression at next bedrock emerges,
52,R492M20,,Oi,,0,2,2,,,,,6.5,R,,
52,R492M20,,Oe,,2,4,2,,,,,6.5,R,,
52,R492M20,,Oa,,4,4.5,0.5,7.5YR 2.5/1,7.5YR,2.5,1,6.5,R,,
52,R492M20,,E,,4.5,6.5,2,7.5YR 4/2,7.5YR,4,2,6.5,R,Still in bedrock dominated,
52,R492M10,,Oi,,0,6,6,,,,,28,R,,
52,R492M10,,Oe,,6,14,8,,,,,28,R,,
52,R492M10,,Oa,,14,16,2,7.5YR 2.5/1,7.5YR,2.5,1,28,R,,
52,R492M10,,Bhs,,16,28,12,7.5YR 3/2,7.5YR,3,2,28,R,At new rising step,
52,R492M0,,Oi,,0,4,4,,,,,35.5,R,,
52,R492M0,,Oe,,4,9,5,,,,,35.5,R,,
52,R492M0,,Oa,,9,11,2,7.5YR 2.5/1,7.5YR,2.5,1,35.5,R,,
52,R492M0,,Bhs,,11,35.5,24.5,7.5YR 2.5/2,7.5YR,2.5,1,35.5,R,Bedrock cuts down sharply (5 of transect?),
52,R490M70,,Oi,,0,5,5,,,,,29,R,,
52,R490M70,,Oe,,5,9,4,,,,,29,R,,
52,R490M70,,Oa,,9,13,4,7.5YR 2.5/1,7.5YR,2.5,1,29,R,,
52,R490M70,,E,,13,29,16,7.5YR 6/2,7.5YR,6,2,29,R,Shallow bedrock relatively planar and flat,
52,R490M59,,Oi,,0,1,1,,,,,30,R,,
52,R490M59,,Oe,,1,2,1,,,,,30,R,,
52,R490M59,,Oa,,2,5,3,7.5YR 2.5/1,7.5YR,2.5,1,30,R,,
52,R490M59,,E,,5,10,5,5YR 5/1,5YR,5,1,30,R,,
52,R490M59,,Bhs,,10,18,8,5YR 2.5/1,5YR,2.5,1,30,R,,
52,R490M59,,Bs,,18,30,12,7.5YR 4/4,7.5YR,4,4,30,R,Slightly convex but on broadly planar bedrock landform,
52,R490M53.5,,Bedrock Histosol,,0,3,3,,,,,3,R,,
52,R490M51,,Oi,,0,2,2,,,,,56,R,,
52,R490M51,,Oe,,2,4,2,,,,,56,R,,
52,R490M51,,Oa,,4,6,2,7.5YR 2.5/1,7.5YR,2.5,1,56,R,,
52,R490M51,,Bhs,,6,56,50,5YR 2.5/1,5YR,2.5,1,56,R,Middle of flowpath,
52,R490M50,,Bedrock Histosol,,0,5,5,,,,,5,R,Immediately adjacent in flowpath,
52,R490M45,,Bedrock,,0,0,0,,,,,0,R,,
52,R490M40,,Oi,,0,1,1,,,,,13,R,,
52,R490M40,,Oe,,1,3,2,,,,,13,R,,
52,R490M40,,Oa,,3,8,5,7.5YR 2.5/1,7.5YR,2.5,1,13,R,,
52,R490M40,,Bhs,,8,13,5,7.5YR 2.5/2,7.5YR,2.5,1,13,R,Stripped (grains?); E pockets; planar bedrock; shallow bedrock continues,
52,R490M30,,Oi,,0,1,1,,,,,38,R,,
52,R490M30,,Oe,,1,2,1,,,,,38,R,,
52,R490M30,,Oa,,2,5,3,7.5YR 2.5/1,7.5YR,2.5,1,38,R,,
52,R490M30,,E,,5,7,2,5YR 4/1,5YR,4,1,38,R,,
52,R490M30,,Bhs,,7,38,31,7.5YR 2.5/3,7.5YR,2.5,3,38,R,Relatively planar top of bedrock; dark E,
52,R490M20.7,,Oi,,0,2,2,,,,,69,R,,
52,R490M20.7,,Oe,,2,4,2,,,,,69,R,,
52,R490M20.7,,Oa,,4,6,2,7.5YR 2.5/1,7.5YR,2.5,1,69,R,,
52,R490M20.7,,E,,6,10,4,5YR 4/1,5YR,4,1,69,R,,
52,R490M20.7,,Bhs,,10,40,30,5YR 2.5/1,5YR,2.5,1,69,R,,
52,R490M20.7,,BC,,40,69,29,10YR 3/4,10YR,3,4,69,R,Still mainly uphill on bedrock; moved due to tree,
52,R490M10,,Oi,,0,1,1,,,,,70,R,,
52,R490M10,,Oe,,1,3,2,,,,,70,R,,
52,R490M10,,Oa,,3,4,1,7.5YR 2.5/1,7.5YR,2.5,1,70,R,,
52,R490M10,,E,,4,7,3,5YR 5/1,5YR,5,1,70,R,,
52,R490M10,,Bhs,,7,40,33,5YR 2.5/1,5YR,2.5,1,70,R,,
52,R490M10,,BC,,40,70,30,10YR 3/4,10YR,3,4,70,R,Continuing uphill; fairly planar on spur,
52,R490M0,,Oi,,0,1,1,,,,,80,?,,
52,R490M0,,Oe,,1,2,1,,,,,80,?,,
52,R490M0,,Oa,,2,4,2,7.5YR 2.5/1,7.5YR,2.5,1,80,?,,
52,R490M0,,E,,4,7,3,"7.5YR 4/2
",7.5YR,4,2,80,?,,
52,R490M0,,Bhs,,7,10,3,7.5YR 2.5/2,7.5YR,2.5,2,80,?,,
52,R490M0,,Bs,,10,60,50,7.5YR 3/4,7.5YR,3,4,80,?,,
52,R490M0,,Bh?,,60,80,20,7.5YR 3/3,7.5YR,3,3,80,?,Bottom interface was a gravelly material; next to bedrock where Maggie Burns and Scott (shoveled?) on spur,
52,R488M0,,Oi,,0,2,2,,,,,66,C,,
52,R488M0,,Oe,,2,5,3,,,,,66,C,,
52,R488M0,,Oa,,5,12,7,7.5YR 2.5/1,7.5YR,2.5,1,66,C,,
52,R488M0,,E,,12,21,9,5YR 4/2,5YR,4,2,66,C,,
52,R488M0,,Bhs,,21,60,39,7.5YR 2.5/1,7.5YR,2.5,1,66,C,,
52,R488M0,,BC,,60,65,5,10YR 3/4,10YR,3,4,66,C,,
52,R488M0,,C,,65,-,,2.5Y 5/4,2.5Y,5,4,66,C,On spur; dark E; relatively planar; deep,
52,R488M10,,Oi,,0,1,1,,,,,75,C,,
52,R488M10,,Oe,,1,3,2,,,,,75,C,,
52,R488M10,,Oa,,3,8,5,7.5YR 2.5/1,7.5YR,2.5,1,75,C,,
52,R488M10,,E,,8,18,10,5YR 4/1,5YR,4,1,75,C,,
52,R488M10,,Bhs,1,18,25,7,7.5YR 2.5/1,7.5YR,2.5,1,75,C,,
52,R488M10,,Bhs,2,25,60,35,7.5YR 3/3,7.5YR,3,3,75,C,,
52,R488M10,,BC,,60,65,5,10YR 3/4,10YR,3,4,75,C,,
52,R488M10,,C,,65,-,,2.5Y 6/4,2.5Y,6,4,75,C,Head of a spur; glacial drift,
52,R488M20,,Oi,,0,2,2,,,,,78,C,,
52,R488M20,,Oe,,2,4,2,,,,,78,C,,
52,R488M20,,Oa,,4,9,5,7.5YR 2.5/1,7.5YR,2.5,1,78,C,,
52,R488M20,,E,,9,14,5,5YR 4/1,5YR,4,1,78,C,,
52,R488M20,,Bhs,,14,19,5,5YR 2.5/2,5YR,2.5,2,78,C,,
52,R488M20,,Bs,,19,27,8,5YR 4/3,5YR,4,3,78,C,,
52,R488M20,,BC,,27,67,40,10YR 3/3,10YR,3,3,78,C,,
52,R488M20,,C,,67,-,,2.5Y 4/3,2.5Y,4,3,78,C,Still on spur,
52,R488M30,,Oi,,0,2,2,,,,,67,C,,
52,R488M30,,Oe,,2,4,2,,,,,67,C,,
52,R488M30,,Oa,,4,11,7,7.5YR 2.5/1,7.5YR,2.5,1,67,C,,
52,R488M30,,E,,11,16,5,5YR 5/1,5YR,5,1,67,C,,
52,R488M30,,Bhs,,16,18,2,5YR 2.5/1,5YR,2.5,1,67,C,,
52,R488M30,,Bs,,18,53,35,7.5YR 3/4,7.5YR,3,4,67,C,,
52,R488M30,,C,,53,-,,2.5Y 4/4,2.5Y,4,4,67,C,Coming off of spur,
52,R488M35,,,,,,0,,,,,,,Transition from glacial drift to shallow bedrock; slope picks up; bedrock gets much shallower,
52,R488M40,,Oi,,0,1,1,,,,,10,R,,
52,R488M40,,Oe,,1,3,2,,,,,10,R,,
52,R488M40,,Oa,,3,10,7,7.5YR 2.5/1,7.5YR,2.5,1,10,R,"Transition to bedrock further back
",
52,R488M50,,Oi,,0,3,3,,,,,50,R,,
52,R488M50,,"Oe
",,3,4,1,,,,,50,R,,
52,R488M50,,Oa,,4,10,6,7.5YR 2.5/1,7.5YR,2.5,1,50,R,,
52,R488M50,,E/Bhs,1,10,28,18,7.5YR 3/1,7.5YR,3,1,50,R,,
52,R488M50,,Bhs,2,28,50,22,7.5YR 2.5/2,7.5YR,2.5,2,50,R,Channel of Paradise Brook; E pockets and stripped grains in top mineral soil,
52,R488M55,,Bedrock Histosol,,0,3,3,,,,,3,R,Ends at M56.5,
52,R488M60,,Oi,,0,1,1,,,,,75,Bh?,,
52,R488M60,,Oe,,1,3,2,,,,,75,Bh?,,
52,R488M60,,Oa,,3,4,1,7.5YR 2.5/2,7.5YR,2.5,2,75,Bh?,,
52,R488M60,,E,,4,6,2,7.5YR 5/1,7.5YR,5,1,75,Bh?,,
52,R488M60,,Bhs,,6,10,4,5YR 3/2,5YR,3,2,75,Bh?,,
52,R488M60,,Bs,,10,72,62,7.5YR 5/4,7.5YR,5,4,75,Bh?,,
52,R488M60,,Bh?,,72,-,,10YR 3/3,10YR,3,3,75,Bh?,Buried E cut (depth?) in pockets,
52,R488M70,,Oi,,0,2,2,,,,,9,R,,
52,R488M70,,Oe,,2,4,2,,,,,9,R,,
52,R488M70,,Oa,,4,9,5,7.5YR 2.5/2,7.5YR,2.5,2,9,R,HB174 samples; transition to bedrock; very friable; lots of roots,
52,R486M80,,Oi,,0,4,4,,,,,21,R,,
52,R486M80,,Oe,,4,7,3,,,,,21,R,,
52,R486M80,,Oa,1,7,13,6,7.5YR 2.5/2,7.5YR,2.5,2,21,R,,
52,R486M80,,Oa,2,13,17,4,7.5YR 2.5/1,7.5YR,2.5,1,21,R,,
52,R486M80,,E,,17,21,4,7.5YR 5/1,7.5YR,5,1,21,R,(Flaggy?) bedrock pieces over solid bedrock; loose flags from bedrock,
52,R486M70.5,,Oi,,0,2,2,,,,,23,R,,
52,R486M70.5,,Oe,,2,3,1,,,,,23,R,,
52,R486M70.5,,"Oa
",,3,12,9,7.5YR 2.5/1,7.5YR,2.5,1,23,R,,
52,R486M70.5,,E,,12,23,11,5YR 5/1,5YR,5,1,23,R,Bedrock dominated,
52,R486M60,,Oi,,0,0.5,0.5,,,,,4,R,,
52,R486M60,,Oe,,0.5,1,0.5,,,,,4,R,,
52,R486M60,,Oa,,1,4,3,7.5YR 2.5/1,7.5YR,2.5,1,4,R,,
52,R486M50,,Oi,,0,1,1,,,,,15,R,,
52,R486M50,,Oe,,1,2,1,,,,,15,R,,
52,R486M50,,Oa,,2,6,4,7.5YR 2.5/1,7.5YR,2.5,1,15,R,,
52,R486M50,,E,,6,15,9,7.5YR 4/1,7.5YR,4,1,15,R,Flowpath,
52,R486M42.5,,,,0,,0,,,,,,,Bedrock arrives,
52,R486M40,,Moss,,0,1,1,,,,,1,R,Outcrop; little worms,
52,R486M30,,Oi,,0,1,1,,,,,76,R,,
52,R486M30,,Oe,,1,3,2,,,,,76,R,,
52,R486M30,,Oa,,3,9,6,7.5YR 2.5/1,7.5YR,2.5,1,76,R,,
52,R486M30,,Bhs,,9,50,41,7.5YR 2.5/2,7.5YR,2.5,1,76,R,,
52,R486M30,,Bs,,50,65,15,7.5YR 3/4,7.5YR,3,4,76,R,,
52,R486M30,,C,,65,-,,2.5YR 4/3,2.5YR,4,3,76,R,,
52,R486M22.5,,,,,,,,,,,"
",,Break to outcrops,
52,R486M20,,Oi,,0,0.5,0.5,,,,,4,R,,
52,R486M20,,Oe,,0.5,1,0.5,,,,,4,R,,
52,R486M20,,Oa,,1,4,3,7.5YR 2.5/1,7.5YR,2.5,1,4,R,,
52,R486M10,,Oi,,0,2,2,,,,,10,R,,
52,R486M10,,Oe,,2,4,2,,,,,10,R,,
52,R486M10,,Oa,,4,10,6,7.5YR 2.5/1,7.5YR,2.5,1,10,R,(litwiz?) histosol,
52,R486M0,,Oi,,0,0.5,0.5,,,,,3,R,,
52,R486M0,,Oe,,0.5,1,0.5,,,,,3,R,,
52,R486M0,,Oa,,1,3,2,7.5YR 2.5/1,7.5YR,2.5,1,3,R,Perfect Kinsman boulder for shawing sometime; nice (prer?) weathering veins,
52,R484M0,,,,,,0,,,,,,,M0-M9 are on or beyond the subwatershed divide; consists of moss on bedrock,
52,R484M10,,Moss,,0,3,3,,,,,3,R,,
52,R484M20,,Oi,,0,1,1,,,,,85,C,,
52,R484M20,,Oe,,1,2,1,,,,,85,C,,
52,R484M20,,Oa,,2,10,8,7.5YR 2.5/1,7.5YR,2.5,1,85,C,,
52,R484M20,,Bhs,1,10,18,8,7.5YR 2.5/3,7.5YR,2.5,3,85,C,,
52,R484M20,,Bhs,2,18,55,37,7.5YR 3/3,7.5YR,3,3,85,C,,
52,R484M20,,Bs,,55,70,15,7.5YR 5/4,7.5YR,5,4,85,C,,
52,R484M20,,BC,,70,80,10,10YR 4/6,10YR,4,6,85,C,,
52,R484M20,,C,,80,-,,2.5Y 5/4,2.5Y,5,4,85,C,,
52,R484M22.5,,,,,,0,,,,,,,Shallow again,
52,R484M24,,,,0,,0,,,,,,,Outcrop of bedrock,
52,R484M29.5,,,,0,,0,,,,,7?,R?,Bedrock outcrop; before dropoff,
52,R484M30,,Oi,,0,1,1,,,,,33,R,,
52,R484M30,,Oe,,1,2,1,,,,,33,R,,
52,R484M30,,Oa,,2,4,2,7.5YR 2.5/1,7.5YR,2.5,1,33,R,,
52,R484M30,,Bhs,,4,33,29,7.5YR 2.5/1,7.5YR,2.5,1,33,R,After dropoff,
52,R484M40,,Oi,,0,1,1,,,,,75,R,,
52,R484M40,,Oe,,1,2,1,,,,,75,R,,
52,R484M40,,Oa,,2,4,2,7.5YR 2.5/1,7.5YR,2.5,1,75,R,,
52,R484M40,,Bhs,,4,17,13,7.5YR 2.5/2,7.5YR,2.5,2,75,R,,
52,R484M40,,Bs,,17,75,58,7.5YR 3/4,7.5YR,3,4,75,R,Broken outcrop to the north,
52,R484M47,,,,,,0,,,,,,,"Boulders; PFM Bhs wells
",
52,R484M50.1,,Oi,,0,1,1,,,,,13,RF,,
52,R484M50.1,,Oe,,1,3,2,,,,,13,RF,,
52,R484M50.1,,Oa,,3,5,2,7.5YR 2.5/1,7.5YR,2.5,1,13,RF,,
52,R484M50.1,,Bhs,,5,-,,7.5YR 3/1,7.5YR,3,1,13,RF,Boulders in central channel,
52,R484M60,,Oi,,0,2,2,,,,,38,R,,
52,R484M60,,Oe,,2,4,2,,,,,38,R,,
52,R484M60,,Oa,,4,16,12,7.5YR 2.5/1,7.5YR,2.5,1,38,R,,
52,R484M60,,E,,16,28,12,7.5YR 5/1,7.5YR,5,1,38,R,,
52,R484M60,,Bhs,,28,38,10,5YR 3/2,5YR,3,2,38,R,Bhs pocket,
52,R484M64,,,,,,0,,,,,3?,R?,Bedrock outcrop,
52,R484M70,,Oi,,0,1,1,,,,,58,R,,
52,R484M70,,Oe,,1,2,1,,,,,58,R,,
52,R484M70,,Oa,,2,5,3,7.5YR 2.5/1,7.5YR,2.5,1,58,R,,
52,R484M70,,Bhs,,5,8,3,5YR 2.5/1,5YR,2.5,1,58,R,,
52,R484M70,,Bs,,8,58,50,10YR 4/4,10Yr,4,4,58,R,Discountinous E on one side of biscuit,
52,R484M80,,Oi,,0,2,2,,,,,12,R,,
52,R484M80,,Oe,,2,3,1,,,,,12,R,,
52,R484M80,,Oa,,3,6,3,7.5YR 2.5/1,7.5YR,2.5,1,12,R,,
52,R484M80,,A,,6,12,6,7.5YR 2.5/2,7.5YR,2.5,1,12,R,,
52,R484M87,,Oi,,0,1,1,,,,,8,R,,
52,R484M87,,Oe,,1,2,1,,,,,8,R,,
52,R484M87,,Oa,1,2,5,3,,,,,8,R,,
52,R484M87,,Oa,2,5,6,1,7.5YR 2.5/1,7.5YR,2.5,1,8,R,,
52,R484M87,,E,,6,8,2,5YR 5/1,5YR,5,1,8,R,No sun; very shallow bedrock,
52,R484M80,,Oi,,0,2,2,,,,,28,R,,
52,R484M80,,Oe,,2,6,4,,,,,28,R,,
52,R484M80,,Oa,,6,10,4,7.5YR 2.5/1,7.5YR,2.5,1,28,R,,
52,R484M80,,E,,10,23,13,5YR 6/2,5YR,6,2,28,R,,
52,R484M80,,Bhs,,23,28,5,5YR 2.5/1,5YR,2.5,1,28,R,Lots of boulders,
52,R484M70,,Oi,,0,1,1,,,,,62,R,,
52,R484M70,,Oe,,1,3,2,,,,,62,R,,
52,R484M70,,Oa,,3,7,4,7.5YR 2.5/1,7.5YR,2.5,1,62,R,,
52,R484M70,,E,,7,14,7,7.5YR 5/1,7.5YR,5,1,62,R,,
52,R484M70,,Bhs,,14,16,2,7.5YR 2.5/1,7.5YR,2.5,1,62,R,,
52,R484M70,,BC,,16,31,15,10YR 4/3,10YR,4,3,62,R,,
52,R484M70,,C,1,31,41,10,2.5Y 4/4,2.5Y,4,4,62,R,,
52,R484M70,,C,2,41,62,21,2.5Y 5/4,2.5Y,5,4,62,R,Very bouldery,
52,R484M60,,Oi,,0,1,1,,,,,80,C,,
52,R484M60,,Oe,,1,3,2,,,,,80,C,,
52,R484M60,,Oa,,3,6.5,3.5,7.5YR 2.5/1,7.5YR,2.5,1,80,C,,
52,R484M60,,E,,6.5,12,5.5,7.5YR 6/1,7.5YR,6,1,80,C,,
52,R484M60,,Bhs,,12,14,2,5YR 2.5/1,5YR,2.5,1,80,C,,
52,R484M60,,Bhs,,14,49,35,5YR 3/3,"5YR
",3,3,80,C,,
52,R484M60,,BC,,49,58,9,10YR 3/4,10YR,3,4,80,C,,
52,R484M60,,C,,58,"-
",,2.5Y 5/4,2.5Y,5,4,80,C,Good place to get bedrock under C?,
52,R484M50,,Oi,,0,2,2,,,,,29,RF,,
52,R484M50,,Oe,,2,5,3,,,,,29,RF,,
52,R484M50,,Oa,1,5,11,6,7.5YR 2.5/1,7.5YR,2.5,1,29,RF,,
52,R484M50,,Oa,2,11,16,5,7.5YR 2.5/1,7.5YR,2.5,1,29,RF,,
52,R484M50,,Bhs,,16,-,,7.5YR 2.5/1,7.5YR,2.5,1,29,RF,Very bouldery flowpath of Paradise Brook; ~3m away from 62; bleached E look; stripped grains,
52,R484M41.5,,Bedrock Histosol,,,,0,,,,,6,R,Bouldery area; bouldery spur,
52,R482M40,,"Oi
",,0,1,1,,,,,51,RF,,
52,R482M40,,Oe,,1,3,2,,,,,51,RF,,
52,R482M40,,Oa,,3,5,2,7.5YR 2.5/1,7.5YR,2.5,1,51,RF,,
52,R482M40,,Bhs,,5,-,,7.5YR 3/2,7.5YR,3,2,51,RF,Bhs appears 7.5YR 4/2 in bright sun; boulderly spur,
52,R482M30,,Oi,,0,2,2,,,,,45,R,,
52,R482M30,,Oe,,2,5,3,,,,,45,R,,
52,R482M30,,Oa,1,5,9,4,7.5YR 2.5/1,7.5YR,2.5,1,45,R,,
52,R482M30,,Oa,2,9,14,5,7.5YR 2.5/1,7.5YR,2.5,1,45,R,,
52,R482M30,,E,,14,20,6,7.5YR 5/1,7.5YR,5,1,45,R,,
52,R482M30,,Bhs,,20,33,13,5YR 3/2,5YR,3,2,45,R,,
52,R482M30,,Bs,,33,45,12,7.5YR 3/4,7.5YR,3,4,45,R,Pocketed E on a mini backslope,
52,R482M20,,Oi,,0,2,2,,,,,45,R,,
52,R482M20,,"Oe
",,2,3,1,,,,,45,R,,
52,R482M20,,Oa,,3,5,2,7.5YR 2.5/1,7.5YR,2.5,1,45,R,,
52,R482M20,,E,,5,9,4,5YR 4/1,5YR,4,1,45,R,,
52,R482M20,,Bhs,,9,15,6,5YR 2.5/2,5YR,2.5,2,45,R,,
52,R482M20,,Bs,,15,35,20,7.5YR 3/4,7.5YR,3,4,45,R,,
52,R482M20,,BC,,35,45,10,10YR 5/4,10YR,5,4,45,R,Cloudy BC; bouldery spur,
52,R482M10,,Oi,,0,1.5,1.5,,,,,79,C,,
52,R482M10,,Oe,,1.5,2.5,1,,,,,79,C,,
52,R482M10,,Oa,,2.5,6,3.5,7.5YR 2.5/1,7.5YR,2.5,1,79,C,,
52,R482M10,,Bhs,,6,21,15,5YR 2.5/2,5YR,2.5,2,79,C,,
52,R482M10,,Bs,,21,72,51,7.5YR 4/4,7.5YR,4,4,79,C,,
52,R482M10,,BC,,72,75,3,10YR 5/4,10YR,5,4,79,C,,
52,R482M10,,C,,75,-,,2.5Y 5/3,2.5Y,5,3,79,C,"E pocket; cloudy; 72?, 75?",
52,R482M7,,,,0,,0,,,,,,,Bedrock outcrop 2m north of transect,
52,R482M3.5,,,,0,,0,,,,,,,(Boulder?) with 2 spurs,
52,R482M0,,,,0,,0,,,,,,,"Outside of 52, but is bedrock",
52,R480M0,,,,0,,0,,,,,,,at the road,
52,"R480M10
",,Oi,,0,2,2,,,,,46,R,,
52,"R480M10
",,Oe,,2,4,2,,,,,46,R,,
52,"R480M10
",,Oa,,4,7,3,7.5YR 2.5/1,7.5YR,2.5,1,46,R,,
52,"R480M10
",,Bhs,,7,?,,,,,,46,R,M9.6-M11.4 is a boulder; biscuit was dug 1m south; soil was bouldery; stripped grains looked like an E; difficult to tell where the Oa ends/if a mineral horizon exists it would be characterized the same as the Oa; took (dod?) at 9-17cm; cloudy; change between horizons was not noted in field; here's a smiley face for your trouble :),
52,R480M20,,Oi,,0,2,,,,,,31,RF,,
52,R480M20,,Oe,,2,4,2,,,,,31,RF,,
52,R480M20,,Oa,,4,9,5,7.5YR 2.5/1,7.5YR,2.5,1,31,RF,,
52,R480M20,,E,,9,15,6,5YR 4/1,5YR,4,1,31,RF,,
52,R480M20,,Bhs,,15,25,10,5YR 2.5/2,5YR,2.5,2,31,RF,,
52,R480M20,,Bs,,25,-,,7.5YR 4/3,7.5YR,4,3,31,RF,Bottom of spur; cloudy,
52,R480M30,,Oi,,0,3,3,,,,,39,RF,,
52,R480M30,,Oe,,3,5.5,2.5,,,,,39,RF,,
52,R480M30,,Oa,,5.5,10,4.5,7.5YR 2.5/1,7.5YR,2.5,1,39,RF,,
52,R480M30,,Bhs,,10,-,,7.5YR 2.5/2,7.5YR,2.5,2,39,RF,Topography shooting out; cloudy,
52,R480M40,,Oi,,0,3,3,,,,,19,R,,
52,R480M40,,Oe,,3,6,3,,,,,19,R,,
52,R480M40,,Oa,,6,10,4,7.5YR 2.5/1,7.5YR,2.5,1,19,R,,
52,R480M40,,E,,10,19,9,5YR 4/1,5YR,4,1,19,R,In depression at the foot of the spur; shallow continuous rock surface; cloudy weather,
52,R480M50,,Oi,,0,2,2,,,,,22,R,,
52,R480M50,,Oe,,2,4,2,,,,,22,R,,
52,R480M50,,Oa,,4,6,2,7.5YR 2.5/1,7.5YR,2.5,1,22,R,,
52,R480M50,,Bhs,,6,22,16,5YR 3/1,5YR,3,1,22,R,Channel of Paradise Brook; dark E-like Bhs (no sun); likely intersecting boulder,
52,R480M59.7,,"Oi
",,0,1.5,1.5,,,,,61,R,,
52,R480M59.7,,Oe,,1.5,2.5,1,,,,,61,R,,
52,R480M59.7,,Oa,,2.5,6,3.5,7.5YR 2.5/1,7.5YR,2.5,1,61,R,,
52,R480M59.7,,E,,6,18,12,7.5YR 5/1,7.5YR,5,1,61,R,,
52,R480M59.7,,Bhs,,18,54,36,7.5YR 3/2,7.5YR,3,2,61,R,,
52,R480M59.7,,C,,54,61,7,2.5Y 4/3,2.5Y,4,3,61,R,"Cloudy, patchy E; flat bouldery fingers",
52,R480M70,,Oi,,0,4,4,,,,,30,R,,
52,R480M70,,Oe,,4,9,5,,,,,30,R,,
52,R480M70,,Oa,,9,30,21,7.5YR 2.5/1,7.5YR,2.5,1,30,R,Pit and mound close to bedrock; could have Bhs,
52,R480M80,,Oi,,0,3,3,,,,,57,R,,
52,R480M80,,Oe,,3,8,5,,,,,57,R,,
52,R480M80,,Oa,,8,20,12,7.5YR 2.5/1,7.5YR,2.5,1,57,R,,
52,R480M80,,E,,20,25,5,5YR 5/1,5YR,5,1,57,R,,
52,R480M80,,Bhs,,25,57,32,5YR 2.5/1,5YR,2.5,1,57,R,E pockets; cloudy,
52,R480M87.4,,,,,,0,,,,,,R,Bedrock,
52,R480M90,,Oi,,0,2,2,,,,,44,R,,
52,R480M90,,Oe,,2,7,5,,,,,44,R,,
52,R480M90,,Oa,,7,10,3,7.5YR 2.5/1,7.5YR,2.5,1,44,R,,
52,R480M90,,E,,10,44,34,5YR 6/1,5YR,6,1,44,R,Cloudy; at the watershed boundary,
52,R478M70,,Oi,,0,1.5,1.5,,,,,8,R,,
52,R478M70,,Oe,,1.5,3,1.5,,,,,8,R,,
52,R478M70,,Oa,,3,7,4,7.5YR 2.5/1,7.5YR,2.5,1,8,R,,
52,R478M70,,E,,7,8,1,5YR 5/2,"5YR
",5,2,8,R,Column equivalent of R480M90; bedrock (bottom?); cloudy weather,
52,R478M60,,Oi,,0,2,2,,,,,57,C,,
52,R478M60,,Oe,,2,4,2,,,,,57,C,,
52,R478M60,,Oa,,4,10,6,7.5YR 2.5/1,7.5YR,2.5,1,57,C,,
52,R478M60,,E,,10,13,3,7.5YR 4/1,7.5YR,4,1,57,C,,
52,R478M60,,Bhs,1,13,15,2,5YR 2.5/2,"5YR
",2.5,2,57,C,,
52,R478M60,,Bs,,15,31,16,7.5YR 4/3,7.5YR,4,3,57,C,,
52,R478M60,,Bhs,2,31,49,18,7.5YR 3/2,7.5YR,3,2,57,C,,
52,R478M60,,Bh,,49,53,4,10YR 2/2,10YR,2,2,57,C,,
52,R478M60,,C,,53,-,,2.5Y 4/4,2.5Y,4,4,57,C,Cloudy weather; wetter at ~49cm,
52,R478M50,,Oi,,0,2,2,,,,,7,R,,
52,R478M50,,Oe,,2,4,2,,,,,7,R,,
52,R478M50,,Oa,,4,7,3,7.5YR 2.5/1,7.5YR,2.5,1,7,R,,
52,R478M49,,,,,,0,,,,,,,Bare bedrock,
52,R478M40,,Oi,,0,2,2,,,,,18,R,,
52,R478M40,,Oe,,2,5,3,,,,,18,R,,
52,R478M40,,Oa,,5,18,13,7.5YR 2.5/1,7.5YR,2.5,1,18,R,Subchannel close to bedrock,
52,R478M30,,Oi,,0,2,2,,,,,61,R,,
52,R478M30,,Oe,,2,3,1,,,,,61,R,,
52,R478M30,,Oa,,3,7,4,7.5YR 2.5/1,7.5YR,2.5,1,61,R,,
52,R478M30,,Bhs,,7,50,43,7.5YR 2/1,7.5YR,2,1,61,R,,
52,R478M30,,C,,50,61,11,10YR 3/4,10YR,3,4,61,R,"Cloudy weather; soil is wet; Paradise Brook channel; clod ~30-40cm
",
52,R478M20,,Oi,,0,2.5,2.5,,,,,30,R,,
52,R478M20,,Oe,,2.5,5,2.5,,,,,30,R,,
52,R478M20,,Oa,,5,7,2,7.5YR 2.5/1,7.5YR,2.5,1,30,R,,
52,R478M20,,E/Bhs,,7,30,23,5YR 3/1,5YR,3,1,30,R,Bedrock; has character of both?,
52,R478M9.5,,Oi,,0,2,2,,,,,49,R,,
52,R478M9.5,,"Oe
",,2,3.5,1.5,,,,,49,R,,
52,R478M9.5,,Oa,,3.5,10,6.5,7.5YR 2.5/1,7.5YR,2.5,1,49,R,,
52,R478M9.5,,E,,10,18,8,5YR 4/1,5YR,4,1,49,R,,
52,R478M9.5,,Bhs,,18,45,27,7.5YR 2.5/2,"7.5YR
",2.5,2,49,R,,
52,R478M9.5,,BC,,45,49,4,10YR 3/4,10YR,3,4,49,R,Bouldery spur; patchy E; cloudy weather,
52,R478M0,,Oi,,0,2,2,,,,,74,R,,
52,R478M0,,Oe,,2,4,2,,,,,74,R,,
52,R478M0,,Oa,,4,10,6,7.5YR 2.5/1,7.5YR,2.5,1,74,R,,
52,R478M0,,Bh,1,10,35,25,10YR 2/2,10YR,2,2,74,R,,
52,R478M0,,Bh,2,35,74,39,10YR 2/1,10YR,2,1,74,R,Cloudy weather,
52,R476M0,,Oi,,0,2,2,,,,,55,RF,,
52,R476M0,,Oe,,2,5,3,,,,,55,RF,,
52,R476M0,,Oa,,5,8,3,7.5YR 2.5/1,7.5YR,2.5,1,55,RF,,
52,R476M0,,A,,8,16,8,7.5YR 2.5/1,7.5YR,2.5,1,55,RF,,
52,R476M0,,Bhs,,16,30,14,5YR 2.5/1,5YR,2.5,1,55,RF,,
52,R476M0,,Bh,1,30,40,10,10YR 3/3,10YR,3,3,55,RF,,
52,R476M0,,Bh,2,40,-,,10YR 3/2,10YR,3,2,55,RF,Sunny weather,
52,R476M7.5,,,,,,,,,,,,,Lower well of triad 1m up,
52,R476M9,,,,0,,,,,,,,,PFM well trio 2m down,
52,R476M10,,Oi,,0,2,2,,,,,24,RF,,
52,R476M10,,Oe,,2,4,2,,,,,24,RF,,
52,R476M10,,Oa,1,4,8,4,7.5YR 2.5/2,7.5YR,2.5,2,24,RF,,
52,R476M10,,Oa,2,8,-,,7.5YR 2.5/1,7.5YR,2.5,1,24,RF,Wet soil; maintains granular structure all the way down,
52,R476M20,,Oi,,0,1,1,,,,,11,R,,
52,R476M20,,Oe,,1,2,1,,,,,11,R,,
52,R476M20,,Oa,,2,11,9,7.5YR 2.5/1,7.5YR,2.5,1,11,R,,
52,R476M30,,Oi,,0,1.5,1.5,,,,,37,R,,
52,R476M30,,Oe,,1.5,3.5,2,,,,,37,R,,
52,R476M30,,Oa,1,3.5,8,4.5,7.5YR 2.5/1,7.5YR,2.5,1,37,R,,
52,R476M30,,Oa,2,8,17,9,7.5YR 2.5/1,7.5YR,2.5,1,37,R,,
52,R476M30,,E,,17,25,8,5YR 3/1,5YR,3,1,37,R,,
52,R476M30,,C,1,25,30,5,7.5YR 5/6,7.5YR,5,6,37,R,,
52,R476M30,,C,2,30,37,7,2.5Y 5/3,2.5Y,5,3,37,R,"HB 175; cohesive bedrock at the bottom; water table at 35cm; sunny; saprolitic glaciated drift; many ""lithochromic ghosts""; E bottom: very reddish weathering interface visible ",
52,R476M41.5,,Oi,,0,1,1,,,,,27,R,,
52,R476M41.5,,Oe,,1,3,2,,,,,27,R,,
52,R476M41.5,,Oa,1,3,7,4,7.5YR 2.5/2,7.5YR,2.5,2,27,R,,
52,R476M41.5,,Oa,2,7,12,5,7.5YR 2.5/1,7.5YR,2.5,1,27,R,,
52,R476M41.5,,Bhs,,12,27,15,5YR 2.5/2,5YR,2.5,2,27,R,Sunny; lots of roots; pit and mound topography,
52,R476M50,,Oi,,0,3,3,,,,,49,R,,
52,R476M50,,Oe,,3,7,4,,,,,49,R,,
52,R476M50,,Oa,,7,17,10,7.5YR 2.5/1,7.5YR,2.5,1,49,R,,
52,R476M50,,E,,17,27,10,7.5YR 5/1,7.5YR,5,1,49,R,,
52,R476M50,,Bhs,,27,49,22,7.5YR 3/3,7.5YR,3,3,49,R,Sunny and gorgeous with a light breeze,
52,R476M60,,Oi,,0,1,1,,,,,35,R,,
52,R476M60,,Oe,,1,3,2,,,,,35,R,,
52,R476M60,,Oa,,3,5,2,7.5YR 2.5/1,7.5YR,2.5,1,35,R,,
52,R476M60,,E,,5,9.5,4.5,5YR 5/1,5YR,5,1,35,R,,
52,R476M60,,Bhs,,9.5,30,20.5,5YR 2.5/2,5YR,2.5,2,35,R,,
52,R476M60,,E,,30,35,5,5YR 5/1,5YR,5,1,35,R,"End of row is at M60; watershed boundary at M65; Buried E horizon; pit and mound
",
52,R474M70,,Oi,,0,2,2,,,,,48,R,,
52,R474M70,,Oe,,2,3,1,,,,,48,R,,
52,R474M70,,Oa,,3,6,3,7.5YR 2.5/1,7.5YR,2.5,1,48,R,,
52,R474M70,,E,,6,48,42,5YR 5/1,5YR,5,1,48,R,"Originally marked as M100
",
52,R474M60,,Oi,,0,1.5,1.5,,,,,38,R,,
52,R474M60,,Oe,,1.5,3,1.5,,,,,38,R,,
52,R474M60,,Oa,,3,7.5,4.5,7.5YR 2.5/1,7.5YR,2.5,1,38,R,,
52,R474M60,,E,,7.5,10.5,3,5YR 5/1,5YR,5,1,38,R,,
52,R474M60,,Bhs,1,10.5,14,3.5,5YR 3/2,5YR,3,2,38,R,,
52,R474M60,,Bhs,2,14,31,17,7.5YR 3/2,7.5YR,3,2,38,R,,
52,R474M60,,C,,31,38,7,10YR 4/2,10YR,4,2,38,R,Sunny,
52,R474M50,,Oi,,0,2,2,,,,,42,RF,,
52,R474M50,,Oe,,2,4,2,,,,,42,RF,,
52,R474M50,,Oa,,4,7,3,7.5YR 2.5/1,7.5YR,2.5,1,42,RF,,
52,R474M50,,Bhs,,7,20,13,5YR 2.5/1,5YR,2.5,1,42,RF,,
52,R474M50,,E/B,,20,-,,5YR 3/1,5YR,3,1,42,RF,E pockets in biscuit (5YR 5/1); dark E at bottom with rotten rock,
52,R474M40,,Oi,,0,3,3,,,,,40,R,,
52,R474M40,,Oe,,3,5,2,,,,,40,R,,
52,R474M40,,Oa,,5,16,11,7.5YR 2.5/1,7.5YR,2.5,1,40,R,,
52,R474M40,,E/B,,16,40,24,5YR 3/1,5YR,3,1,40,R,,
52,R474M40,,E/B,,16,40,24,5YR 5/1,5YR,5,1,40,R,Water table at 38; E color intermixed; splotchy bright and dark patches,
52,R474M30,,Oi,,0,1,1,,,,,40,R,,
52,R474M30,,Oe,,1,3,2,,,,,40,R,,
52,R474M30,,Oa,,3,11,8,7.5YR 2.5/1,7.5YR,2.5,1,40,R,,
52,R474M30,,"Bh
",,11,40,29,10YR 2.5/1,10YR,2.5,1,40,R,,
52,R474M30,,"Bh
",,11,40,29,"7.5YR 2.5/1
",7.5YR,2.5,1,40,R,Pretty uniform; flat across landscape; extremely dark soil,
52,R474M20,,Oi,,0,0.5,0.5,,,,,67,R,,
52,R474M20,,Oe,,0.5,2,1.5,,,,,67,R,,
52,R474M20,,Oa,,2,4.5,2.5,7.5YR 2.5/1,7.5YR,2.5,1,67,R,,
52,R474M20,,E,,4.5,8,3.5,,,,,67,R,,
52,R474M20,,Bhs,1,8,10,2,5YR 2.5/1,5YR,2.5,1,67,R,,
52,R474M20,,Bhs,2,10,40,30,5YR 3/2,5YR,3,2,67,R,,
52,R474M20,,Bh,,40,63,23,10YR 3/2,10YR,3,2,67,R,,
52,R474M20,,C,,63,67,4,2.5Y 4/4,2.5Y,4,4,67,R,Sound of watertable; E was not colored in the field,
52,R474M10,,Oi,,0,1,1,,,,,47,"RF
",,
52,R474M10,,Oe,,1,3,2,,,,,47,"RF
",,
52,R474M10,,Oa,,3,15,12,7.5YR 2.5/1,7.5YR,2.5,1,47,"RF
",,
52,R474M10,,Bh,,15,40,25,10YR 3/1,10YR,3,1,47,"RF
",,
52,R474M10,,C,,40,-,,2.5Y 4/2,2.5Y,4,2,47,"RF
",Possibly boulder; in line with flow path and deep well (d1?),
52,R474M0,,Oi,,0,1,1,,,,,56,R,,
52,R474M0,,Oe,,1,2,1,,,,,56,R,,
52,R474M0,,Oa,,2,10,8,7.5YR 2.5/1,7.5YR,2.5,1,56,R,,
52,R474M0,,Bh,,10,28,18,10YR 3/2,10YR,3,2,56,R,,
52,R474M0,,C,,28,56,28,2.5Y 4/2,2.5Y,4,2,56,R,Sunny weather,
52,R472M0,,Oi,,0,1,1,,,,,41,R,,
52,R472M0,,Oe,,1,2,1,,,,,41,R,,
52,R472M0,,Oa,,2,9,7,7.5YR 2.5/1,7.5YR,2.5,1,41,R,,
52,R472M0,,Bhs,,9,41,32,7.5YR 3/2,7.5YR,3,2,41,R,Sunny weather; Bhs may be a Bh,
52,R472M9.3,,Oi,,0,1,1,,,,,40,R,,
52,R472M9.3,,Oe,,1,2,1,,,,,40,R,,
52,R472M9.3,,Oa,1,2,6,4,7.5YR 2.5/1,7.5YR,2.5,1,40,R,,
52,R472M9.3,,Bhs,2,6,40,34,7.5YR 2.5/1,7.5YR,2.5,1,40,R,Sunny weather,
52,R472M20,,Oi,,0,1.5,1.5,,,,,33,R,,
52,R472M20,,Oe,,1.5,2.5,1,,,,,33,R,,
52,R472M20,,Oa,1,2.5,8,5.5,7.5YR 2.5/2,7.5YR,2.5,2,33,R,,
52,R472M20,,Oa,2,8,33,25,7.5YR 2.5/1,7.5YR,2.5,1,33,R,Sunny weather,
52,R472M30,,Oi,,0,1,1,,,,,47,R,,
52,R472M30,,Oe,,1,2,1,,,,,47,R,,
52,R472M30,,Oa,,2,5,3,7.5YR 2.5/1,7.5YR,2.5,1,47,R,,
52,R472M30,,E,,5,8,3,5YR 5/1,5YR,5,1,47,R,,
52,R472M30,,Bhs,,8,14,6,5YR 3/2,5YR,3,2,47,R,,
52,R472M30,,Bs,,14,40,26,7.5YR 3/4,7.5YR,3,4,47,R,,
52,R472M30,,BC,,40,47,7,10YR 4/2,10YR,4,2,47,R,"Sunny weather; very planar, flat with a little pit and mound",
52,R472M40,,Oi,,0,2,2,,,,,63,R,,
52,R472M40,,Oe,,2,4,2,,,,,63,R,,
52,R472M40,,Oa,,4,14,10,7.5YR 2.5/1,7.5YR,2.5,1,63,R,,
52,R472M40,,Bhs,,14,50,36,5YR 2.5/1,5YR,2.5,1,63,R,,
52,R472M40,,C,,50,63,13,2.5Y 5/4,2.5Y,5,4,63,R,"Sunny weather
",
52,R472M50,,Oi,,0,1,1,,,,,54,R,,
52,R472M50,,Oe,,1,2,1,,,,,54,R,,
52,R472M50,,Oa,1,2,6,4,7.5YR 2.5/1,7.5YR,2.5,1,54,R,,
52,R472M50,,Oa,2,6,13,7,7.5YR 2.5/1,7.5YR,2.5,1,54,R,,
52,R472M50,,E,,13,22,9,7.5YR 4/2,7.5YR,4,2,54,R,,
52,R472M50,,Bhs,,22,40,18,7.5YR 2.5/1,7.5YR,2.5,1,54,R,,
52,R472M50,,Bs,,40,54,14,7.5YR 3/4,7.5YR,3,4,54,R,"Sunny weather; planar, flat topography; strange Bs colors on one side",
52,R472M60,,Oi,,0,1,1,,,,,13,RF,,
52,R472M60,,Oe,,1,2,1,,,,,13,RF,,
52,R472M60,,Oa,,2,13,11,7.5YR 2.5/1,7.5YR,2.5,1,13,RF,,
52,R472M60,,E/B,,13,-,,5YR 3/1,5YR,3,1,13,RF,,
52,R472M70,,Oi,,0,1,1,,,,,51,R,,
52,R472M70,,Oe,,1,3,2,,,,,51,R,,
52,R472M70,,Oa,1,3,8,5,7.5YR 2.5/1,7.5YR,2.5,1,51,R,,
52,R472M70,,"Oa
",2,8,22,14,7.5YR 2.5/1,7.5YR,2.5,1,51,R,,
52,R472M70,,E,,22,51,29,5YR 5/1,5YR,5,1,51,R,Patchy E at bottom,
52,R470M70,,Oi,,0,2,2,,,,,83,R,,
52,R470M70,,Oe,,2,3,1,,,,,83,R,,
52,R470M70,,Oa,1,3,10,7,7.5YR 2.5/2,7.5YR,2.5,2,83,R,,
52,R470M70,,Oa,2,10,17,7,7.5YR 2.5/1,7.5YR,2.5,1,83,R,,
52,R470M70,,E,,17,48,31,7.5YR 5/1,7.5YR,5,1,83,R,,
52,R470M70,,Bhs,,48,51,3,7.5YR 2.5/2,7.5YR,2.5,2,83,R,,
52,R470M70,,Bs,,51,65,14,7.5YR 3/4,7.5YR,3,4,83,R,,
52,R470M70,,BC,,65,71,6,10YR 3/4,10YR,3,4,83,R,,
52,R470M70,,C,,71,83,12,2.5Y 5/4,2.5Y,5,4,83,R,R470 is only 7m away from R472,
52,R470M60,,Oi,,0,2,2,,,,,60,R,,
52,R470M60,,Oe,,2,5,3,,,,,60,R,,
52,R470M60,,Oa,,5,12,7,7.5YR 2.5/1,7.5YR,2.5,1,60,R,,
52,R470M60,,E,,12,18,6,7.5YR 6/1,7.5YR,6,1,60,R,,
52,R470M60,,Bhs,,18,30,12,7.5YR 2.5/3,7.5YR,2.5,3,60,R,,
52,R470M60,,Bs,,30,55,25,7.5YR 4/4,7.5YR,4,4,60,R,,
52,R470M60,,BC,,55,60,5,10YR 5/3,10YR,5,3,60,R,Planar [topography?]; cool slime mold at site,
52,R470M50,,Oi,,0,1,1,,,,,64,RF,,
52,R470M50,,Oe,,1,2,1,,,,,64,RF,,
52,R470M50,,Oa,1,2,4,2,7.5YR 2.5/2,7.5YR,2.5,2,64,RF,,
52,R470M50,,Oa,2,4,16,12,7.5YR 2.5/1,7.5YR,2.5,1,64,RF,,
52,R470M50,,Bhs,,16,55,39,7.5YR 3/2,7.5YR,3,2,64,RF,,
52,R470M50,,C,,55,-,,2.5Y 6/4,2.5Y,6,4,64,RF,Fading sunlight; Bhs could be a Bh,
52,R470M40,,Oi,,0,1,1,,,,,64,RF,,
52,R470M40,,Oe,,1,2,1,,,,,64,RF,,
52,R470M40,,Oa,1,2,6,4,7.5YR 2.5/1,7.5YR,2.5,1,64,RF,,
52,R470M40,,Oa,2,6,11,5,5YR 2.5/1,5YR,2.5,1,64,RF,,
52,R470M40,,E,,11,19,8,7.5YR 6/1,7.5YR,6,1,64,RF,,
52,R470M40,,Bhs,,19,30,11,5YR 3/1,5YR,3,1,64,RF,,
52,R470M40,,BC,,30,-,,10YR 5/3,10YR,5,3,64,RF,Fading sunlight; Bhs could be Bh,
52,R470M29.5,,Oi,,0,1,1,,,,,51,R,,
52,R470M29.5,,Oe,,1,2,1,,,,,51,R,,
52,R470M29.5,,Oa,,2,6,4,7.5YR 2.5/1,7.5YR,2.5,1,51,R,,
52,R470M29.5,,E,,6,9,3,5YR 5/2,5YR,5,2,51,R,,
52,R470M29.5,,Bhs,,9,11,2,5YR 2.5/1,"5YR
",2.5,1,51,R,,
52,R470M29.5,,Bs,,11,35,24,5YR 5/4,5YR,5,4,51,R,,
52,R470M29.5,,BC,,35,51,16,10YR 5/4,10YR,5,4,51,R,Fading sunlight; very flat [topography?],
52,R470M20,,Oi,,0,1,1,,,,,71,R,,
52,R470M20,,Oe,,1,2,1,,,,,71,R,,
52,R470M20,,Oa,,2,7,5,7.5YR 2.5/1,7.5YR,2.5,1,71,R,,
52,R470M20,,E,,7,9,2,5YR 4/1,5YR,4,1,71,R,,
52,R470M20,,Bhs,,9,13,4,5YR 2.5/2,5YR,2.5,2,71,R,,
52,R470M20,,Bs,,13,70,57,5YR 3/4,5YR,3,4,71,R,,
52,R470M20,,C,,70,71,1,2.5Y 4/3,2.5Y,4,3,71,R,"Fading sunlight; very flat [topography?]
",
52,R470M10,,Oi,,0,1,1,,,,,46,R,,
52,R470M10,,Oe,,1,3,2,,,,,46,R,,
52,R470M10,,Oa,,3,9,6,7.5YR 2.5/1,7.5YR,2.5,1,46,R,,
52,R470M10,,B?,,9,46,37,7.5YR 4/2,7.5YR,4,2,46,R,In stream channel of Paradise Brook,
52,R470M0,,Oi,,0,1,1,,,,,61,R,,
52,R470M0,,Oe,,1,2,1,,,,,61,R,,
52,R470M0,,Oa,,2,11,9,7.5YR 2.5/1,7.5YR,2.5,1,61,R,,
52,R470M0,,E,,11,24,13,5YR 5/1,5YR,5,1,61,R,,
52,R470M0,,Bhs,,24,50,26,7.5YR 3/2,7.5YR,3,2,61,R,,
52,R470M0,,BC,,50,57,7,10YR 4/2,10YR,4,2,61,R,,
52,R470M0,,C,,57,61,4,2.5Y 5/6,2.5Y,5,6,61,R,Sunny; next point would be in the road if completed,
52,R468M0,,Oi,,0,1,1,,,,,31,RF,,
52,R468M0,,Oe,,1,3,2,,,,,31,RF,,
52,R468M0,,Oa,1,3,10,7,7.5YR 2.5/2,7.5YR,2.5,2,31,RF,,
52,R468M0,,Oa,2,10,17,7,7.5YR 2.5/1,7.5YR,2.5,1,31,RF,,
52,R468M0,,E,,17,18,1,7.5YR 4/1,7.5YR,4,1,31,RF,,
52,R468M0,,Bhs,,18,-,,7.5YR 2.5/1,7.5YR,2.5,1,31,RF,Very thin E; sun,
52,R468M5.9,,,,,,,,,,,,,Edge of Paradise Brook channel with water in the channel,
52,R468M6.7,,,,0,,,,,,,,,Other edge of Paradise Brook,
52,R468M9.8,,Oi,,0,2,2,,,,,44,R,,
52,R468M9.8,,Oe,,2,4,2,,,,,44,R,,
52,R468M9.8,,Oa,1,4,8,4,7.5YR 2.5/1,7.5YR,2.5,1,44,R,,
52,R468M9.8,,Oa,2,8,14,6,7.5YR 2.5/1,7.5YR,2.5,1,44,R,,
52,R468M9.8,,E,,14,17,3,7.5YR 5/1,7.5YR,5,1,44,R,,
52,R468M9.8,,Bhs,1,17,19,2,5YR 2.5/1,5YR,2.5,1,44,R,,
52,R468M9.8,,Bhs,2,19,31,12,7.5YR 3/2,7.5YR,3,2,44,R,,
52,R468M9.8,,BC,,31,40,9,10YR 3/4,10YR,3,4,44,R,,
52,R468M9.8,,C,,40,44,4,2.5Y 5/4,2.5Y,5,4,44,R,Very wet at bottom; near channel of Paradise Brook; sunny,
52,R468M20.1,,Oi,,0,0.5,0.5,,,,,74,RF,,
52,R468M20.1,,Oe,,0.5,1.5,1,,,,,74,RF,,
52,R468M20.1,,Oa,,1.5,3,1.5,7.5YR 2.5/1,7.5YR,2.5,1,74,RF,,
52,R468M20.1,,E,,3,6,3,7.5YR 4/1,7.5YR,4,1,74,RF,,
52,R468M20.1,,Bhs,,6,10,4,5YR 2.5/2,5YR,5,2,74,RF,,
52,R468M20.1,,Bhs,,10,32,22,7.5YR 3/2,7.5YR,3,2,74,RF,,
52,R468M20.1,,BC,,32,65,33,10YR 4/3,10YR,4,3,74,RF,,
52,R468M20.1,,C,,65,"-
",,2.5Y 5/4,2.5Y,5,4,74,RF,Dark E; wet bottom; buried E on mound side,
52,R468M30,,Oi,,0,1,,,,,,47,R,,
52,R468M30,,Oe,,1,3,2,,,,,47,R,,
52,R468M30,,Oa,,3,10,7,7.5YR 2.5/1,7.5YR,2.5,1,47,R,,
52,R468M30,,E,,10,15,5,7.5YR 4/1,7.5YR,4,1,47,R,,
52,R468M30,,Bhs,1,15,31,16,7.5YR 2.5/1,7.5YR,2.5,1,47,R,,
52,R468M30,,Bhs,2,31,45,14,7.5YR 2.5/2,7.5YR,2.5,2,47,R,,
52,R468M30,,C,,45,47,2,2.5Y 4/4,2.5Y,4,4,47,R,Dark E,
52,R468M40.1,,Oi,,0,1,1,,,,,64,R,,
52,R468M40.1,,Oe,,1,3,2,,,,,64,R,,
52,R468M40.1,,Oa,,3,10,7,7.5YR 2.5/1,7.5YR,2.5,1,64,R,,
52,R468M40.1,,E,,10,15,5,7.5YR 4/1,7.5YR,4,1,64,R,,
52,R468M40.1,,Bhs,,15,17,2,5YR 2.5/1,5YR,2.5,1,64,R,,
52,R468M40.1,,Bs,,17,35,18,7.5YR 4/3,7.5YR,4,3,64,R,,
52,R468M40.1,,BC,,35,55,20,10YR 4/3,10YR,4,3,64,R,,
52,R468M40.1,,C,,55,64,9,2.5Y 6/3,"2.5Y
",6,3,64,R,Dark E; wet with depth; unaltered C,
52,R468M50,,Oi,,0,1,1,,,,,50,R,,
52,R468M50,,Oe,,1,3,2,,,,,50,R,,
52,R468M50,,Oa,,3,16,13,7.5YR 2.5/1,7.5YR,2.5,1,50,R,,
52,R468M50,,Bh,,16,45,29,10YR 3/3,10YR,3,3,50,R,,
52,R468M50,,C,,45,50,5,2.5Y 5/4,2.5Y,5,4,50,R,Patches of E; black splotches in Bh; no sunlight,
52,R468M59.8,,Oi,,0,1,1,,,,,41,RF,,
52,R468M59.8,,Oe,,1,2,1,,,,,41,RF,,
52,R468M59.8,,Oa,,2,10,8,7.5YR 2.5/1,7.5YR,2.5,1,41,RF,,
52,R468M59.8,,E,,10,12.5,2.5,7.5YR 5/1,7.5YR,5,1,41,RF,,
52,R468M59.8,,Bhs,1,12.5,14,1.5,5YR 2.5/2,5YR,2.5,2,41,RF,,
52,R468M59.8,,"Bhs
",2,14,-,,7.5YR 3/2,7.5YR,3,2,41,RF,Pit and moundy fingers,
52,R468M69.8,,Oi,,0,2,2,,,,,39,RF,,
52,R468M69.8,,Oe,,2,4,2,,,,,39,RF,,
52,R468M69.8,,Oa,1,4,8,4,7.5YR 2.5/2,7.5YR,2.5,2,39,RF,,
52,R468M69.8,,Oa,2,8,16,8,7.5YR 2.5/1,7.5YR,2.5,1,39,RF,,
52,R468M69.8,,E,,16,18,2,7.5YR 6/2,"7.5YR
",6,2,39,RF,,
52,R468M69.8,,Bhs,,18,21,3,5YR 2.5/2,5YR,2.5,2,39,RF,,
52,R468M69.8,,Bs,,21,-,,7.5YR 4/4,7.5YR,4,4,39,RF,Buried E on mound side; possibly a boulder,
42,R1C1,,O,,0,1,1,,,,,32,,,
42,R1C1,,Bhs,,1,16,15,7.5YR 3/1,7.5YR,3,1,32,,,
42,R1C1,,Bhs,,16,23,7,7.5YR 3/2,7.5YR,3,2,32,,,
42,R1C1,,C,,23,32,9,,,,,32,,,
42,R1C1,,R,,32,32,0,,,,,32,,,
42,R1C2,,O,,0,4,4,,,,,5,,,
42,R1C2,,E,,4,5,1,,,,,5,,,
42,R1C2,,R,,5,5,0,,,,,5,,,
42,R1C3,,O,,0,6,6,,,,,10,,,
42,R1C3,,E,,6,10,4,7.5YR 4/2,7.5YR,4,2,10,,,
42,R1C3,,R,,10,10,0,,,,,10,,,
42,R1C4,,O,,0,10,10,,,,,14,,,
42,R1C4,,E,,10,14,4,7.5YR 4/1,7.5YR,4,1,14,,,
42,R1C4,,R,,14,14,0,,,,,14,,,
42,R1C5,,O,,0,8,8,,,,,10,,,
42,R1C5,,E,,8,10,2,7.5YR 4/1,7.5YR,4,1,10,,,
42,R1C5,,R,,10,10,0,,,,,10,,,
42,R1C6,,O,,0,20,20,,,,,20,,,
42,R1C6,,R,,20,20,0,,,,,20,,,
42,R1C7,,O,,0,6,6,,,,,6,,,
42,R1C7,,R,,6,6,0,,,,,6,,,
42,R1C8,,O,,0,7,7,,,,,7,,,
42,R1C8,,R,,7,7,0,,,,,7,,,
42,R2C1,,O,,0,2,2,,,,,30,,,
42,R2C1,,E,,2,30,28,5YR 6/1,"5YR
",6,1,30,,,
42,R2C1,,R,,30,30,0,,,,,30,,,
42,R2C2,,O,,0,3,3,,,,,3,,,
42,R2C2,,R,,3,3,0,,,,,3,,,
42,R2C3,,O,,0,3,3,,,,,3,,,
42,R2C3,,R,,3,3,0,,,,,3,,,
42,R2C4,,O,,0,3,3,,,,,12,,,
42,R2C4,,Bhs,,3,12,9,5YR 3/1,"5YR
",3,1,12,,,
42,R2C4,,R,,12,12,0,,,,,12,,,
42,R2C5,,O,,0,6,6,,,,,15,,,
42,R2C5,,Bhs,,6,15,9,5YR 3/2,"5YR
",3,2,15,,,
42,R2C5,,R,,15,15,0,,,,,15,,,
42,R2C6,,O,,0,1,1,,,,,1,,,
42,R2C6,,R,,1,1,0,,,,,1,,,
42,R2C7,,O,,0,1,1,,,,,1,,,
42,R2C7,,R,,1,1,0,,,,,1,,,
42,R2C8,,O,,0,3,3,,,,,3,,,
42,R2C8,,R,,3,3,0,,,,,3,,,
42,R3C1,,O,,0,14,14,,,,,14,,,
42,R3C1,,R,,14,14,0,,,,,14,,,
42,R3C2,,O,,0,6,6,,,,,9,,,
42,R3C2,,E,,6,9,3,10YR 6/1,10YR,6,1,9,,,
42,R3C2,,R,,9,9,0,,,,,9,,,
42,R3C3,,O,,0,5,5,,,,,7,,,
42,R3C3,,E,,5,7,2,,,,,7,,,
42,R3C3,,R,,7,7,0,,,,,7,,,
42,R3C4,,O,,0,3,3,,,,,15,,,
42,R3C4,,Bhs,,3,15,12,7.5YR 3/2,7.5YR,3,2,15,,,
42,R3C4,,R,,15,15,0,,,,,15,,,
42,R3C5,,O,,0,9,9,,,,,49,,,
42,R3C5,,E,,9,18,9,7.5YR 5/1,7.5YR,5,1,49,,,
42,R3C5,,Bhs,,18,47,29,7.5YR 2/1,7.5YR,2,1,49,,,
42,R3C5,,C,,47,49,2,,,,,49,,,
42,R3C6,,O,,0,3,3,,,,,3,,,
42,R3C6,,R,,3,3,0,,,,,3,,,
42,R3C7,,O,,0,3,3,,,,,3,,,
42,R3C7,,R,,3,3,0,,,,,3,,,
42,R3C8,,O,,0,6,6,,,,,6,,,
42,R3C8,,R,,6,6,0,,,,,6,,,
42,R3C9,,O,,0,10,10,,,,,11,,,
42,R3C9,,E,,10,11,1,,,,,11,,,
42,R3C9,,R,,11,11,0,,,,,11,,,
42,R4C1,,O,,0,3,3,,,,,3,,,
42,R4C1,,R,,3,3,0,,,,,3,,,
42,R4C2,,O,,0,3,3,,,,,3,,,
42,R4C2,,R,,3,3,0,,,,,3,,,
42,R4C3,,O,,0,3,3,,,,,3,,,
42,R4C3,,R,,3,3,0,,,,,3,,,
42,R4C4,,O,,0,3,3,,,,,4,,,
42,R4C4,,O,,3,4,1,7.5YR 4/3,7.5YR,4,3,4,,,
42,R4C5,,O,,0,6,6,,,,,6,,,
42,R4C5,,R,,6,6,0,,,,,6,,,
42,R4C6,,O,,0,3,3,,,,,3,,,
42,R4C6,,R,,3,3,0,,,,,3,,,
42,R4C7,,O,,0,3,3,,,,,6,,,
42,R4C7,,E,,3,6,3,10YR 4/1,10YR,4,1,6,,,
42,R4C7,,R,,6,6,0,,,"
",,6,,,
42,R4C8,,O,,0,6,6,,,,,6,,,
42,R4C8,,R,,6,6,0,,,,,6,,,
42,R5C1,,O,,0,6,6,,,,,7,,,
42,R5C1,,E,,6,7,1,,,,,7,,,
42,R5C1,,R,,7,7,0,,,,,7,,,
42,R5C2,,O,,0,7,7,,,,,29,,,
42,R5C2,,E,,7,29,22,7.5YR 4/1,7.5YR,4,1,29,,,
42,R5C2,,R,,29,29,0,,,,,29,,,
42,R5C3,,O,,0,5,5,,,,,6,,,
42,R5C3,,E,,5,6,1,,,,,6,,,
42,R5C3,,R,,6,6,0,,,,,6,,,
42,R5C4,,O,,0,2,2,,,,,23,,,
42,R5C4,,E,,2,4,2,,,,,23,,,
42,R5C4,,Bhs,,4,23,19,,,,,23,,,
42,R5C4,,R,,23,23,0,,,,,23,,,
42,R5C5,,O,,0,12,12,,,,,18,,,
42,R5C5,,E,,12,18,6,7.5YR 4/2,7.5YR,4,2,18,,,
42,R5C5,,R,,18,18,0,,,,,18,,,
42,R5C6,,O,,0,6,6,,,,,6,,,
42,R5C6,,R,,6,6,0,,,,,6,,,
42,R5C7,,O,,0,8,8,,,,,9,,,
42,R5C7,,E,,8,9,1,,,,,9,,,
42,R5C7,,R,,9,9,0,,,,,9,,,
42,R5C8,,O,,0,6,6,,,,,21,,,
42,R5C8,,E,,6,21,15,7.5YR 5/2,7.5YR,5,2,21,,,
42,R5C8,,R,,21,21,0,,,,,21,,,
42,R6C2,,O,,0,1,1,,,,,18,,,
42,R6C2,,E,,1,18,17,10YR 6/1,10YR,6,1,18,,,
42,R6C2,,R,,18,18,0,,,,,18,,,
42,R6C3,,O,,0,6,6,,,,,15,,,
42,R6C3,,E,,6,15,9,7.5YR 6/1,7.5YR,6,1,15,,,
42,R6C3,,R,,15,15,0,,,,,15,,,
42,R6C4,,O,,0,2,2,,,,,2,,,
42,R6C4,,R,,2,2,0,,,,,2,,,
42,R6C5,,O,,0,6,6,,,,,39,,,
42,R6C5,,Bhs,,6,15,9,,,,,39,,,
42,R6C5,,Bh,,15,27,12,10YR 2/2,10YR,2,2,39,,,
42,R6C5,,C,,27,39,12,,,,,39,,,
42,R6C5,,R,,39,39,0,,,,,39,,,
42,R6C6,,O,,0,3,3,,,,,3,,,
42,R6C6,,R,,3,3,0,,,,,3,,,
42,R6C7,,O,,0,9,9,,,,,54,,,
42,R6C7,,Bh,,9,18,9,10YR 3/3,10YR,3,3,54,,,
42,R6C7,,Bh,,18,27,9,10YR 2/1,10YR,2,1,54,,,
42,R6C7,,Bh,,27,39,12,7.5YR 3/1,7.5YR,3,1,54,,,
42,R6C7,,Bh,,39,54,15,10YR 2/1,10YR,2,1,54,,,
42,R6C7,,R,,54,54,0,,,,,54,,,
42,R6C8,,O,,0,3,3,,,,,43,,,
42,R6C8,,Bhs,,3,34,31,7.5YR 2.5/2,7.5YR,2.5,2,43,,,
42,R6C8,,Bhs,,34,43,9,7.5YR 3/2,7.5YR,3,2,43,,,
42,R6C8,,R,,43,43,0,,,,,43,,,
42,R7C3,,O,,0,3,3,,,,,37,,,
42,R7C3,,E,,3,10,7,7.5YR 5/2,7.5YR,5,2,37,,,
42,R7C3,,Bhs,,10,21,11,7.5YR 2.5/1,7.5YR,2.5,1,37,,,
42,R7C3,,Bh,,21,29,8,10YR 3/2,10YR,3,2,37,,,
42,R7C3,,C,,29,32,3,2.5Y 4/3,2.5Y,4,3,37,,,
42,R7C3,,C,,32,37,5,2.5Y 5/4,2.5Y,5,4,37,,,
42,R7C4,,O,,0,6,6,,,,,38,,,
42,R7C4,,E,,6,23,17,7.5YR 4/1,7.5YR,4,1,38,,,
42,R7C4,,Bhs,,23,35,12,7.5YR 3/1,7.5YR,3,1,38,,,
42,R7C4,,C,,35,38,3,,,,,38,,,
42,R7C5,,O,,0,4,4,,,,,26,,,
42,R7C5,,E,,4,10,6,7.5YR 4/1,7.5YR,4,1,26,,,
42,R7C5,,Bhs,,10,20,10,,,,,26,,,
42,R7C5,,Bh,,20,26,6,,,,,26,,,
42,R7C5,,R,,26,26,0,,,,,26,,,
42,R7C6,,O,,0,12,12,,,,,45,,,
42,R7C6,,Bhs,,12,18,6,7.5YR 2.5/1,7.5YR,2.5,1,45,,,
42,R7C6,,Bh,,18,45,27,10YR 3/3,10YR,3,3,45,,,
42,R7C7,,O,,0,4,4,,,,,11,,,
42,R7C7,,E,,4,11,7,7.5YR 4/2,7.5YR,4,2,11,,,
42,R7C7,,R,,11,11,0,,,,,11,,,
42,R7C8,,O,,0,9,9,,,,,24,,,
42,R7C8,,E,,9,16,7,,,,,24,,,
42,R7C8,,Bhs,,16,24,8,,,,,24,,,
42,R7C8,,R,,24,24,0,,,,,24,,,
42,R7C9,,O,,0,4,4,,,,,33,,,
42,R7C9,,E,,4,10,6,7.5YR 4/2,7.5YR,4,2,33,,,
42,R7C9,,Bhs,,10,15,5,7.5YR 3/1,7.5YR,3,1,33,,,
42,R7C9,,Bhs,,15,27,12,7.5YR 3/2,7.5YR,3,2,33,,,
42,R7C9,,Bhs,,27,33,6,10YR 2/2,10YR,2,2,33,,,
42,R7C9,,R,,33,33,0,,,,,33,,,
42,R8C3,,O,,0,2,2,,,,,20,,,
42,R8C3,,Bhs,,2,20,18,5YR 3/1,5YR,3,1,20,,,
42,R8C3,,R,,20,20,0,,,,,20,,,
42,R8C4,,O,,0,3,3,,,,,30,,,
42,R8C4,,Bhs,,3,15,12,,,,,30,,,
42,R8C4,,Bhs,,15,30,15,,,,,30,,,
42,R8C4,,R,,30,30,0,,,,,30,,,
42,R8C5,,O,,0,3,3,,,,,3,,,
42,R8C5,,R,,3,3,0,,,,,3,,,
42,R8C6,,O,,0,6,6,,,,,16,,,
42,R8C6,,Bhs,,6,16,10,,,,,16,,,
42,R8C6,,R,,16,16,0,,,,,16,,,
42,R8C7,,O,,0,2,2,,,,,32,,,
42,R8C7,,E,,2,8,6,7.5YR 4/1,7.5YR,4,1,32,,,
42,R8C7,,Bhs,,8,20,12,10YR 2/2,10YR,2,2,32,,,
42,R8C7,,Bhs,,20,32,12,10YR 2/1,10YR,2,1,32,,,
42,R8C8,,O,,0,5,5,,,,,38,,,
42,R8C8,,Bhs,,5,29,24,7.5YR 2.5/2,7.5YR,2.5,2,38,,,
42,R8C8,,C,,29,38,9,,,,,38,,,
42,R8C9,,O,,0,2,2,,,,,47,,,
42,R8C9,,Bh,,2,47,45,10YR 2/2,10YR,2,2,47,,,
42,R9C4,,O,,0,8,8,,,,,9,,,
42,R9C4,,E,,8,9,1,,,,,9,,,
42,R9C4,,R,,9,9,0,,,,,9,,,
42,R9C5,,O,,0,12,12,,,,,18,,,
42,R9C5,,E,,12,18,6,7.5YR 4/1,7.5YR,4,1,18,,,
42,R9C5,,R,,18,18,0,,,,,18,,,
42,R9C6,,O,,0,6,6,,,,,6,,,
42,R9C6,,R,,6,6,0,,,,,6,,,
42,R9C7,,O,,0,9,9,,,,,9,,,
42,R9C7,,R,,9,9,0,,,,,9,,,
42,R9C8,,O,,0,6,6,,,,,6,,,
42,R9C8,,R,,6,6,0,,,,,6,,,
42,R10C4,,O,,0,6,6,,,,,6,,,
42,R10C4,,R,,6,6,0,,,,,6,,,
42,R10C5,,O,,0,12,12,,,,,12,,,
42,R10C5,,R,,12,12,0,,,,,12,,,
42,R10C6,,O,,0,1,1,,,,,1,,,
42,R10C6,,R,,1,1,0,,,,,1,,,
42,R10C7,,O,,0,1,1,,,,,1,,,
42,R10C7,,R,,1,1,0,,,,,1,,,
42,R10C8,,O,,0,2,2,,,,,2,,,
42,R10C8,,R,,2,2,0,,,,,2,,,
42,R11C4,,O,,0,9,9,,,,,43,,,
42,R11C4,,E,,9,12,3,,,,,43,,,
42,R11C4,,Bhs,,12,39,27,7.5YR 3/2,7.5YR,3,2,43,,,
42,R11C4,,Bhs,,39,43,4,7.5YR 3/3,7.5YR,3,3,43,,,
42,R11C5,,R,,0,0,0,,,,,43,,,
42,R11C6,,O,,0,3,3,,,,,3,,,
42,R11C6,,R,,3,3,0,,,,,3,,,
42,R11C7,,R,,0,0,0,,,,,0,,,
42,R11C8,,O,,0,9,9,,,,,9,,,
42,R11C8,,R,,9,9,0,,,,,9,,,
42,R12C6,,O,,0,4,4,,,,,54,,,
42,R12C6,,Bhs,,4,22,18,7.5YR 2.5/2,7.5YR,2.5,2,54,,,
42,R12C6,,Bhs,,22,42,20,10YR 3/2,10YR,3,2,54,,,
42,R12C6,,C,,42,54,12,,,,,54,,,
42,R12C5,,O,,0,5,5,,,,,48,,,
42,R12C5,,Bhs,,5,23,18,,,,,48,,,
42,R12C5,,BC,,23,35,12,10YR 3/6,10YR,3,6,48,,,
42,R12C5,,BC,,35,48,13,10YR 3/4,10YR,3,4,48,,,
42,R12C7,,O,,0,3,3,,,,,39,,,
42,R12C7,,Bh,,3,18,15,10YR 2/2,10YR,2,2,39,,,
42,R12C7,,BC,,18,39,21,10YR 3/4,10YR,3,4,39,,,
42,R12C8,,O,,0,3,3,,,,,30,,,
42,R12C8,,E,,3,9,6,7.5YR 6/1,7.5YR,6,1,30,,,
42,R12C8,,Bhs,,9,21,12,7.5YR 2.5/2,7.5YR,2.5,2,30,,,
42,R12C8,,BC,,21,30,9,10YR 3/4,10YR,3,4,30,,,
42,R12C9,,O,,0,3,3,,,,,41,,,
42,R12C9,,Bhs,,3,5,2,7.5YR 2.5/2,7.5YR,2.5,2,41,,,
42,R12C9,,Bhs,,5,11,6,7.5YR 2.5/3,7.5YR,2.5,3,41,,,
42,R12C9,,BC,,11,17,6,10YR 3/4,10YR,3,4,41,,,
42,R12C9,,C,,17,41,24,,,,,41,,,
42,R12C10,,O,,0,3,3,,,,,69,,,
42,R12C10,,E,,3,7,4,7.5YR 6/2,7.5YR,6,2,69,,,
42,R12C10,,Bhs,,7,22,15,7.5YR 2.5/2,7.5YR,2.5,2,69,,,
42,R12C10,,Bh,,22,51,29,10YR 2/2,10YR,2,2,69,,,
42,R12C10,,C,,51,69,18,,,,,69,,,
42,R13C5,,O,,0,9,9,,,,,72,,,
42,R13C5,,Bhs,,9,24,15,7.5YR 3/1,7.5YR,3,1,72,,,
42,R13C5,,Bh,,24,39,15,10YR 3/2,10YR,3,2,72,,,
42,R13C5,,Bh,,39,72,33,10YR 3/3,10YR,3,3,72,,,
42,R13C6,,O,,0,6,6,,,,,37,,,
42,R13C6,,E,,6,9,3,7.5YR 5/1,7.5YR,5,1,37,,,
42,R13C6,,Bhs,,9,37,28,7.5YR 3/2,7.5YR,3,2,37,,,
42,R13C7,,O,,0,6,6,,,,"
",37,,,
42,R13C7,,E,,6,15,9,7.5YR 4/2,7.5YR,4,2,37,,,
42,R13C7,,Bhs,,15,28,13,7.5YR 2.5/2,7.5YR,2.5,2,37,,,
42,R13C7,,Bhs,,28,37,9,10YR 3/2,10YR,3,2,37,,,
42,R13C8,,O,,0,7,7,,,,,56,,,
42,R13C8,,Bhs,,7,21,14,7.5YR 2.5/2,7.5YR,2.5,2,56,,,
42,R13C8,,Bhs,,21,39,18,7.5YR 2.5/3,7.5YR,2.5,3,56,,,
42,R13C8,,Bh,,39,51,12,10YR 3/2,10YR,3,2,56,,,
42,R13C8,,C,,51,56,5,,,,,56,,,
42,R13C9,,O,,0,10,10,,,,,31,,,
42,R13C9,,E,,10,12,2,,,,,31,,,
42,R13C9,,Bhs,,12,20,8,7.5YR 3/3,7.5YR,3,3,31,,,
42,R13C9,,Bhs,,20,25,5,7.5YR 3/2,7.5YR,3,2,31,,,
42,R13C9,,C,,25,31,6,,,,,31,,,
42,R13C10,,O,,0,10,10,,,,,22,,,
42,R13C10,,E,,10,13,3,,,,,22,,,
42,R13C10,,Bhs,,13,22,9,7.5YR 3/3,7.5YR,3,3,22,,,
42,R13C10,,R,,22,22,0,,,,,22,,,
42,R14C5,,O,,0,7,7,,,,,77,,,
42,R14C5,,Bhs,,7,15,8,7.5YR 3/2,7.5YR,3,2,77,,,
42,R14C5,,Bh,,15,33,18,10YR 3/3,10YR,3,3,77,,,
42,R14C5,,Bh,,33,69,36,10YR 3/2,10YR,3,2,77,,,
42,R14C5,,C,,69,77,8,,,,,77,,,
42,R14C6,,O,,0,7,7,,,,,43,,,
42,R14C6,,Bhs,,7,8,1,7.5YR 3/1,7.5YR,3,1,43,,,
42,R14C6,,Bhs,,8,17,9,7.5YR 3/2,7.5YR,3,2,43,,,
42,R14C6,,Bh,,17,29,12,10YR 3/2,10YR,3,2,43,,,
42,R14C6,,Bh,,29,35,6,10YR 3/3,10YR,3,3,43,,,
42,R14C6,,C,,35,43,8,2.5Y 4/3,2.5Y,4,3,43,,,
42,R14C7,,O,,0,8,8,,,,,58,,,
42,R14C7,,Bhs,,8,14,6,7.5YR 3/2,7.5YR,3,2,58,,,
42,R14C7,,Bh,,14,27,13,10YR 3/3,10YR,3,3,58,,,
42,R14C7,,Bh,,27,49,22,2.5Y 3/2,2.5Y,3,2,58,,,
42,R14C7,,BC,,49,58,9,10YR 4/3,10YR,4,3,58,,,
42,R14C8,,O,,0,8,8,,,,,85,,,
42,R14C8,,Bhs,,8,24,16,7.5YR 2.5/1,7.5YR,2.5,1,85,,,
42,R14C8,,Bhs,,24,35,11,7.5YR 2.5/2,7.5YR,2.5,2,85,,,
42,R14C8,,Bh,,35,47,12,10YR 3/2,10YR,3,2,85,,,
42,R14C8,,Bh,,47,67,20,10YR 2/2,10YR,2,2,85,,,
42,R14C8,,BC,,67,85,18,10YR 3/4,10YR,3,4,85,,,
42,R14C9,,O,,0,10,10,,,,,53,,,
42,R14C9,,Bhs,,10,14,4,7.5YR 3/2,7.5YR,3,2,53,,,
42,R14C9,,Bhs,,14,37,23,7.5YR 3/3,7.5YR,3,3,53,,,
42,R14C9,,Bh,,37,53,16,10YR 3/3,10YR,3,3,53,,,
42,R14C10,,O,,0,6,6,,,,,35,,,
42,R14C10,,Bhs,,6,9,3,7.5YR 2/2,7.5YR,2,2,35,,,
42,R14C10,,Bhs,,9,19,10,7.5YR 3/4,7.5YR,3,4,35,,,
42,R14C10,,BC,,19,35,16,2.5Y 3/3,2.5Y,3,3,35,,,
42,R14C11,,O,,0,8,8,,,,,68,,,
42,R14C11,,Bhs,,8,11,3,7.5YR 3/1,7.5YR,3,1,68,,,
42,R14C11,,Bhs,,11,23,12,7.5YR 3/2,7.5YR,3,2,68,,,
42,R14C11,,Bh,,23,45,22,10YR 3/3,10YR,3,3,68,,,
42,R14C11,,C,,45,68,23,2.5Y 4/3,2.5Y,4,3,68,,,
42,R15C6,,O,,0,6,6,,,,,30,,,
42,R15C6,,Bhs,,6,15,9,7.5YR 3/4,7.5YR,3,4,30,,,
42,R15C6,,C,,15,30,15,,,,,30,,,
42,R15C7,,O,,0,4,4,,,,,24,,,
42,R15C7,,Bhs,,4,24,20,7.5YR 3/3,7.5YR,3,3,24,,,
42,R15C8,,O,,0,3,3,,,,,54,,,
42,R15C8,,E,,3,24,21,7.5YR 4/2,7.5YR,4,2,54,,,
42,R15C8,,C,,24,54,30,,,,,54,,,
42,R15C9,,O,,0,15,15,,,,,30,,,
42,R15C9,,Bhs,,15,30,15,7.5YR 2.5/2,7.5YR,2.5,2,30,,,
42,R15C9,,R,,30,30,0,,,,,30,,,
42,R15C10,,O,,0,5,5,,,,,33,,,
42,R15C10,,Bhs,,5,33,28,7.5YR 3/4,7.5YR,3,4,33,,,
42,R15C10,,R,,33,33,0,,,,,33,,,
42,R15C11,,O,,0,6,6,,,,,24,,,
42,R15C11,,Bhs,,6,24,18,10YR 3/2,10YR,3,2,24,,,
42,R15C11,,R,,24,24,0,,,,,24,,,
42,R15C12,,O,,0,6,6,,,,,51,,,
42,R15C12,,Bhs,,6,27,21,7.5YR 3/4,7.5YR,3,4,51,,,
42,R15C12,,C,,27,51,24,,,,,51,,,
42,R16C6,,O,,0,12,12,,,,,41,,,
42,R16C6,,Bh,,12,24,12,10YR 3/2,10YR,3,2,41,,,
42,R16C6,,Bh,,24,41,17,10YR 3/3,10YR,3,3,41,,,
42,R16C7,,O,,0,7,7,,,,,51,,,
42,R16C7,,A,,7,11,4,5YR 3/1,"5YR
",3,1,51,,,
42,R16C7,,Bhs,,11,18,7,5YR 2.5/1,"5YR
",2.5,1,51,,,
42,R16C7,,Bhs,,18,21,3,7.5YR 2.5/2,7.5YR,2.5,2,51,,,
42,R16C7,,Bh,,21,39,18,10YR 3/3,10YR,3,3,51,,,
42,R16C7,,Bh,,39,51,12,10YR 3/1,10YR,3,1,51,,,
42,R16C8,,O,,0,11,11,,,,,48,,,
42,R16C8,,Bhs,,11,14,3,7.5YR 2.5/1,7.5YR,2.5,1,48,,,
42,R16C8,,Bhs,,14,32,18,7.5YR 2.5/3,7.5YR,2.5,3,48,,,
42,R16C8,,Bh,,32,43,11,10YR 3/4,10YR,3,4,48,,,
42,R16C8,,C,,43,48,5,2.5Y 4/3,2.5Y,4,3,48,,,
42,R16C9,,O,,0,9,9,,,,,57,,,
42,R16C9,,E,,9,10,1,,,,,57,,,
42,R16C9,,Bhs,,10,14,4,7.5YR 2.5/3,7.5YR,2.5,3,57,,,
42,R16C9,,Bh,,14,54,40,10YR 3/3,10YR,3,3,57,,,
42,R16C9,,C,,54,57,3,2.5Y 4/3,2.5Y,4,3,57,,,
42,R16C10,,O,,0,10,10,,,,,64,,,
42,R16C10,,Bhs,,10,22,12,5YR 2.5/1,5YR,2.5,1,64,,,
42,R16C10,,Bh,,22,27,5,10YR 2/2,10YR,2,2,64,,,
42,R16C10,,Bh,,27,50,23,10YR 3/3,10YR,3,3,64,,,
42,R16C10,,BC,,50,64,14,10YR 4/3,10YR,4,3,64,,,
42,R16C11,,O,,0,9,9,,,,,39,,,
42,R16C11,,Bhs,,9,24,15,7.5YR 3/2,7.5YR,3,2,39,,,
42,R16C11,,Bh,,24,39,15,10YR 3/2,10YR,3,2,39,,,
42,R16C11,,R,,39,39,0,,,,,39,,,
42,R16C12,,O,,0,10,10,,,,,59,,,
42,R16C12,,E,,10,13,3,7.5YR 5/2,7.5YR,5,2,59,,,
42,R16C12,,Bhs,,13,25,12,7.5YR 2/2,7.5YR,2,2,59,,,
42,R16C12,,Bhs,,25,39,14,7.5YR 3/2,7.5YR,3,2,59,,,
42,R16C12,,Bhs,,39,50,11,7.5YR 3/3,7.5YR,3,3,59,,,
42,R16C12,,C,,50,59,9,2.5Y 4/3,2.5Y,4,3,59,,,
42,R16C13,,O,,0,9,9,,,,,42,,,
42,R16C13,,Bhs,,9,12,3,7.5YR 2.5/1,7.5YR,2.5,1,42,,,
42,R16C13,,Bh,,12,30,18,10YR 3/4,10YR,3,4,42,,,
42,R16C13,,Bh,,30,42,12,10YR 4/4,10YR,4,4,42,,,
42,R17C6,,O,,0,6,6,,,,,54,,,
42,R17C6,,E,,6,24,18,7.5YR 5/2,7.5YR,5,2,54,,,
42,R17C6,,C,,24,54,30,,,,,54,,,
42,R17C7,,O,,0,7,7,,,,,67,,,
42,R17C7,,Bhs,,7,13,6,10YR 3/2,10YR,3,2,67,,,
42,R17C7,,Bhs,,13,37,24,7.5YR 2.5/3,7.5YR,2.5,3,67,,,
42,R17C7,,C,,37,67,30,,,,,67,,,
42,R17C8,,O,,0,6,6,,,,,31,,,
42,R17C8,,Bhs,,6,21,15,7.5YR 3/4,7.5YR,3,4,31,,,
42,R17C8,,C,,21,31,10,,,,,31,,,
42,R17C9,,O,,0,8,8,,,,,59,,,
42,R17C9,,Bh,,8,20,12,10YR 3/3,10YR,3,3,59,,,
42,R17C9,,C,,20,59,39,,,,,59,,,
42,R17C10,,O,,0,8,8,,,,,8,,,
42,R17C10,,R,,8,8,0,,,,,8,,,
42,R17C11,,O,,0,12,12,,,,,12,,,
42,R17C11,,R,,12,12,0,,,,,12,,,
42,R17C12,,O,,0,18,18,,,,,52,,,
42,R17C12,,Bh,,18,34,16,10YR 3/3,10YR,3,3,52,,,
42,R17C12,,C,,34,52,18,,,,,52,,,
42,R17C13,,O,,0,8,8,,,,,26,,,
42,R17C13,,Bhs,,8,26,18,7.5YR 2.5/3,7.5YR,2.5,3,26,,,
42,R17C13,,R,,26,26,0,,,,,26,,,
42,R18C7,,O,,0,9,9,,,,,73,,,
42,R18C7,,Bh,,9,27,18,10YR 3/4,10YR,3,4,73,,,
42,R18C7,,Bh,,27,45,18,10YR 3/3,10YR,3,3,73,,,
42,R18C7,,C,,45,73,28,,,,,73,,,
42,R18C8,,O,,0,9,9,,,,,64,,,
42,R18C8,,Bhs,,9,24,15,7.5YR 2.5/3,7.5YR,2.5,3,64,,,
42,R18C8,,BC,,24,40,16,10YR 3/4,10YR,3,4,64,,,
42,R18C8,,C,,40,64,24,,,,,64,,,
42,R18C9,,O,,0,8,8,,,,,11,,,
42,R18C9,,Bh,,8,11,3,10YR 3/3,10YR,3,3,11,,,
42,R18C9,,R,,11,11,0,,,,,11,,,
42,R18C10,,O,,0,6,6,,,,,51,,,
42,R18C10,,Bhs,,6,24,18,7.5YR 2.5/3,7.5YR,2.5,3,51,,,
42,R18C10,,C,,24,51,27,,,,,51,,,
42,R18C11,,O,,0,6,6,,,,,51,,,
42,R18C11,,Bhs,,6,42,36,7.5YR 3/3,7.5YR,3,3,51,,,
42,R18C11,,C,,42,51,9,,,,,51,,,
42,R18C12,,O,,0,6,6,,,,,34,,,
42,R18C12,,Bhs,,6,15,9,10YR 3/4,10YR,3,4,34,,,
42,R18C12,,C,,15,34,19,,,,,34,,,
42,R18C13,,O,,0,8,8,,,,,65,,,
42,R18C13,,Bhs,,8,41,33,7.5YR 2.5/3,7.5YR,2.5,3,65,,,
42,R18C13,,C,,41,65,24,,,,,65,,,
42,R19C7,,O,,0,9,9,,,,,53,,,
42,R19C7,,Bhs,,9,12,3,7.5YR 2.5/2,7.5YR,2.5,2,53,,,
42,R19C7,,Bhs,,12,24,12,7.5YR 3/3,7.5YR,3,3,53,,,
42,R19C7,,BC,,24,39,15,2.5Y 3/3,2.5Y,3,3,53,,,
42,R19C7,,C,,39,53,14,2.5Y 4/3,2.5Y,4,3,53,,,
42,R19C8,,O,,0,8,8,,,,,31,,,
42,R19C8,,E,,8,21,13,7.5YR 5/2,7.5YR,5,2,31,,,
42,R19C8,,R,,21,21,0,,,,,31,,,
42,R19C8,,Bhs,,21,31,10,7.5YR 2.5/2,7.5YR,2.5,2,31,,,
42,R19C9,,O,,0,7,7,,,,,28,,,
42,R19C9,,E,,7,9,2,,,,,28,,,
42,R19C9,,Bhs,,9,12,3,7.5YR 2.5/2,7.5YR,2.5,2,28,,,
42,R19C9,,Bs,,12,17,5,7.5YR 4/4,7.5YR,4,4,28,,,
42,R19C9,,C,,17,23,6,2.5Y 4/3,2.5Y,4,3,28,,,
42,R19C9,,C,,23,28,5,2.5Y 5/3,2.5Y,5,3,28,,,
42,R19C10,,O,,0,9,9,,,,,64,,,
42,R19C10,,Bhs,,9,15,6,7.5YR 2.5/2,7.5YR,2.5,2,64,,,
42,R19C10,,Bs,,15,30,15,7.5YR 3/4,7.5YR,3,4,64,,,
42,R19C10,,Bh,,30,44,14,10YR 3/3,10YR,3,3,64,,,
42,R19C10,,BC,,44,58,14,10YR 4/3,10YR,4,3,64,,,
42,R19C10,,C,,58,64,6,2.5Y 4/3,2.5Y,4,3,64,,,
42,R19C11,,O,,0,12,12,,,,,55,,,
42,R19C11,,Bhs,,12,18,6,7.5YR 5/1,7.5YR,5,1,55,,,
42,R19C11,,Bhs,,18,28,10,7.5YR 3/1,7.5YR,3,1,55,,,
42,R19C11,,Bh,,28,52,24,10YR 3/2,10YR,3,2,55,,,
42,R19C11,,Bh,,52,55,3,10YR 3/3,10YR,3,3,55,,,
42,R19C12,,O,,0,12,12,,,,,44,,,
42,R19C12,,Bh,,12,24,12,10YR 3/2,10YR,3,2,44,,,
42,R19C12,,Bh,,24,44,20,10YR 2/2,10YR,2,2,44,,,
42,R19C13,,O,,0,8,8,,,,,47,,,
42,R19C13,,E,,8,15,7,7.5YR 5/2,7.5YR,5,2,47,,,
42,R19C13,,Bhs,,15,29,14,7.5YR 2.5/1,7.5YR,2.5,1,47,,,
42,R19C13,,Bs,,29,35,6,7.5YR 3/4,7.5YR,3,4,47,,,
42,R19C13,,Bhs,,35,47,12,7.5YR 3/2,7.5YR,3,2,47,,,
42,R19C14,,O,,0,16,16,,,,,34,,,
42,R19C14,,Bhs,,16,34,18,7.5YR 3/3,7.5YR,3,3,34,,,
42,R19C14,,R,,34,34,0,,,,,34,,,
42,R20C7,,O,,0,9,9,,,,,75,,,
42,R20C7,,Bhs,,9,24,15,10YR 2/2,10YR,2,2,75,,,
42,R20C7,,Bhs,,24,37,13,7.5YR 2.5/3,7.5YR,2.5,3,75,,,
42,R20C7,,Bh,,37,75,38,10YR 3/2,10YR,3,2,75,,,
42,R20C8,,O,,0,9,9,,,,,35,,,
42,R20C8,,Bhs,,9,23,14,7.5YR 3/3,7.5YR,3,3,35,,,
42,R20C8,,Bhs,,23,35,12,7.5YR 2.5/2,7.5YR,2.5,2,35,,,
42,R20C9,,O,,0,8,8,,,,,44,,,
42,R20C9,,Bhs,,8,20,12,7.5YR 2.5/3,7.5YR,2.5,3,44,,,
42,R20C9,,C,,20,44,24,,,,,44,,,
42,R20C10,,O,,0,6,6,,,,,18,,,
42,R20C10,,Bh,,6,18,12,10YR 3/4,10YR,3,4,18,,,
42,R20C10,,R,,18,18,0,,,,,18,,,
42,R20C11,,O,,0,6,6,,,,,72,,,
42,R20C11,,Bhs,,6,21,15,7.5YR 3/2,7.5YR,3,2,72,,,
42,R20C11,,Bhs,,21,45,24,7.5YR 3/3,7.5YR,3,3,72,,,
42,R20C11,,C,,45,72,27,,,,,72,,,
42,R20C12,,O,,0,9,9,,,,,32,,,
42,R20C12,,Bhs,,9,20,11,10YR 2/2,10YR,2,2,32,,,
42,R20C12,,BC,,20,32,12,10YR 4/3,10YR,4,3,32,,,
42,R20C13,,O,,0,4,4,,,,,19,,,
42,R20C13,,E,,4,10,6,7.5YR 4/1,7.5YR,4,1,19,,,
42,R20C13,,Bhs,,10,19,9,7.5YR 3/3,7.5YR,3,3,19,,,
42,R20C13,,R,,19,19,0,,,,,19,,,
42,R20C14,,O,,0,9,9,,,,,9,,,
42,R20C14,,R,,9,9,0,,,,,9,,,
,,,,,,18.67610063,,,,,,,,,
